{
  "miss charm": {
    "keywords": [
      "miss charm 2025",
      "miss charm chung kết",
      "mai ngô",
      "chung kết miss charm",
      "miss charm 2025 hoa hậu"
    ],
    "volume": 5000,
    "time": "2025-12-19T08:43:00"
  },
  "aqi hanoi": {
    "keywords": [
      "aqi hanoi",
      "chỉ số ô nhiễm hà nội",
      "chất lượng không khí hà nội hôm nay",
      "không khí hà nội hôm nay",
      "máy lọc không khí"
    ],
    "volume": 5000,
    "time": "2025-12-20T01:21:00"
  },
  "hoàng bá nghị": {
    "keywords": [
      "hoàng bá nghị"
    ],
    "volume": 500,
    "time": "2025-12-20T01:21:00"
  },
  "nhật bản động đất sóng thần": {
    "keywords": [
      "nhật bản động đất sóng thần"
    ],
    "volume": 2000,
    "time": "2025-12-20T01:21:00"
  },
  "tô lâm": {
    "keywords": [
      "tô lâm"
    ],
    "volume": 500,
    "time": "2025-12-20T01:21:00"
  },
  "thương tín": {
    "keywords": [
      "diễn viên thương tín",
      "thương tín qua đời",
      "nghệ sĩ thương tín qua đời",
      "thương tín đã mất"
    ],
    "volume": 20000,
    "time": "2025-12-13T08:59:00"
  },
  "dự án nuôi em": {
    "keywords": [
      "dự án nuôi em",
      "hoàng hoa trung",
      "nuôi em đen vâu",
      "dự án nuôi em của ai",
      "dự án nuôi em bị phốt",
      "dự án nuôi em là của ai"
    ],
    "volume": 20000,
    "time": "2025-12-08T14:52:00"
  },
  "quyền linh bị bắt": {
    "keywords": [
      "quyền linh bị bắt đúng ko",
      "mc quyền linh bi bắt",
      "mc quyền linh mới nhất"
    ],
    "volume": 10000,
    "time": "2025-12-13T08:59:00"
  },
  "johnathan hạnh nguyễn": {
    "keywords": [
      "johnathan hạnh nguyễn",
      "tiên nguyễn",
      "tăng thanh hà",
      "chồng tiên nguyễn là ai",
      "jonathan hạnh nguyễn",
      "linh rin",
      "jonathan hạnh nguyễn là ai",
      "johnathan hanh nguyen"
    ],
    "volume": 5000,
    "time": "2025-12-08T14:52:00"
  },
  "vùng áp thấp": {
    "keywords": [
      "vùng áp thấp",
      "áp thấp nhiệt đới philippines",
      "xoi",
      "áp thấp nhiệt đới biển đông"
    ],
    "volume": 2000,
    "time": "2025-12-13T08:59:00"
  },
  "tốt nghiệp thcs": {
    "keywords": [
      "tốt nghiệp thcs"
    ],
    "volume": 1000,
    "time": "2025-12-13T08:59:00"
  },
  "bùi quang huy": {
    "keywords": [
      "bùi quang huy"
    ],
    "volume": 2000,
    "time": "2025-12-08T14:52:00"
  },
  "hội nghị trung ương 15": {
    "keywords": [
      "hội nghị trung ương 15"
    ],
    "volume": 500,
    "time": "2025-12-20T01:21:00"
  },
  "thế hệ kỳ tích": {
    "keywords": [
      "thế hệ kỳ tích",
      "nsnd thanh hoa"
    ],
    "volume": 2000,
    "time": "2025-12-19T08:43:00"
  },
  "miền trung": {
    "keywords": [
      "miền trung"
    ],
    "volume": 500,
    "time": "2025-12-19T08:43:00"
  },
  "phạm quang thiện": {
    "keywords": [
      "phạm quang thiện",
      "nguyễn văn đài",
      "truy nã lê trung khoa nguyễn văn đài"
    ],
    "volume": 2000,
    "time": "2025-12-13T08:59:00"
  },
  "hoài linh bị khởi tố": {
    "keywords": [
      "hoài linh bị khởi tố",
      "hoài linh"
    ],
    "volume": 1000,
    "time": "2025-12-13T08:59:00"
  },
  "tiệm vàng kim chung thanh hóa": {
    "keywords": [
      "tiệm vàng kim chung thanh hóa",
      "tiệm vàng kim chung thanh hoá",
      "tiệm vàng kim chung"
    ],
    "volume": 1000,
    "time": "2025-12-13T08:59:00"
  },
  "cháy lò đúc": {
    "keywords": [
      "cháy lò đúc",
      "cháy ở lò đúc"
    ],
    "volume": 1000,
    "time": "2025-12-13T08:59:00"
  },
  "tổng tài bị bắt": {
    "keywords": [
      "tổng tài bị bắt",
      "nguyễn văn thiên",
      "tổng tài"
    ],
    "volume": 1000,
    "time": "2025-12-13T08:59:00"
  },
  "bóng đá nam sea games 33": {
    "keywords": [
      "bóng đá nam sea games 33",
      "singapore",
      "bóng đá sea games 33",
      "timor leste",
      "lịch sea games bóng đá nam",
      "bóng đá sea games hôm nay",
      "singapore vs timor leste",
      "lịch đá bóng hôm nay"
    ],
    "volume": 2000,
    "time": "2025-12-08T14:52:00"
  },
  "tiền lương năm 2026": {
    "keywords": [
      "tiền lương năm 2026",
      "mức lương cơ sở năm 2026"
    ],
    "volume": 2000,
    "time": "2025-12-08T14:52:00"
  },
  "phạt nguội xe máy": {
    "keywords": [
      "phạt nguội xe máy",
      "phạt nguội"
    ],
    "volume": 500,
    "time": "2025-12-13T08:59:00"
  },
  "khai mạc seagame": {
    "keywords": [
      "khai mạc seagame",
      "lịch thi đấu sea games",
      "lịch thi đấu u22 việt nam",
      "kqbd hôm nay"
    ],
    "volume": 1000,
    "time": "2025-12-13T08:59:00"
  },
  "nguyễn duy ngọc": {
    "keywords": [
      "nguyễn duy ngọc"
    ],
    "volume": 100,
    "time": "2025-12-19T08:43:00"
  },
  "zelensky": {
    "keywords": [
      "zelensky",
      "nga ukraine"
    ],
    "volume": 200,
    "time": "2025-12-13T08:59:00"
  },
  "bảo tín mạnh hải": {
    "keywords": [
      "bảo tín mạnh hải"
    ],
    "volume": 200,
    "time": "2025-12-08T14:52:00"
  },
  "vinhomes cần giờ": {
    "keywords": [
      "vinhomes cần giờ"
    ],
    "volume": 200,
    "time": "2025-12-13T08:59:00"
  },
  "tăng lương năm 2026": {
    "keywords": [
      "tăng lương năm 2026",
      "lương hưu 2026",
      "lương hưu năm 2026"
    ],
    "volume": 2000,
    "time": "2025-12-23T08:55:00"
  },
  "lễ đức mẹ vô nhiễm nguyên tội": {
    "keywords": [
      "lễ đức mẹ vô nhiễm nguyên tội"
    ],
    "volume": 200,
    "time": "2025-12-13T08:59:00"
  },
  "sea games 33": {
    "keywords": [
      "SEA Games 33: lịch thi đấu, trực tiếp và kết quả các môn thể thao trọng điểm như bóng đá, bóng chuyền, futsal của Việt Nam, cùng bảng xếp hạng và tổng sắp huy chương cập nhật hôm nay."
    ],
    "volume": 330300,
    "time": "2025-12-08T14:52:00"
  },
  "video đoàn văn sáng": {
    "keywords": [
      "Vụ án Đoàn Văn Sáng tại Lạng Sơn: Bộ Công an và Công an tỉnh Lạng Sơn khởi tố, bắt tạm giam Đoàn Văn Sáng về tội giết người, với thông tin liên quan như Đoàn Văn Sáng là ai, diễn biến vụ án, video/clip, hình ảnh, hồ sơ 88 trang và các cá nhân liên quan."
    ],
    "volume": 50000,
    "time": "2025-12-08T14:52:00"
  },
  "world cup 2026": {
    "keywords": [
      "World Cup 2026: lễ bốc thăm chia bảng vòng bảng, thời gian – xem trực tiếp, bảng đấu và lịch thi đấu World Cup 2026 theo thông tin từ FIFA."
    ],
    "volume": 20000,
    "time": "2025-12-08T14:52:00"
  },
  "lũ lụt ở tỉnh lâm đồng": {
    "keywords": [
      "lũ lụt ở tỉnh lâm đồng"
    ],
    "volume": 10000,
    "time": "2025-12-08T14:52:00"
  },
  "lê trung khoa": {
    "keywords": [
      "lê trung khoa",
      "phạm quang thiện",
      "nguyễn văn đài",
      "truy nã lê trung khoa nguyễn văn đài"
    ],
    "volume": 5000,
    "time": "2025-12-08T14:52:00"
  },
  "jollibee tặng tuần lộc": {
    "keywords": [
      "jollibee tặng tuần lộc",
      "jollibee tuần lộc"
    ],
    "volume": 5000,
    "time": "2025-12-08T14:52:00"
  },
  "máy bay mh370": {
    "keywords": [
      "máy bay mh370"
    ],
    "volume": 5000,
    "time": "2025-12-08T14:52:00"
  },
  "triều tiên": {
    "keywords": [
      "triều tiên"
    ],
    "volume": 2000,
    "time": "2025-12-08T14:52:00"
  },
  "messenger dừng hoạt động": {
    "keywords": [
      "messenger dừng hoạt động"
    ],
    "volume": 2000,
    "time": "2025-12-08T14:52:00"
  },
  "quốc khánh lào": {
    "keywords": [
      "quốc khánh lào",
      "tô lâm",
      "lào"
    ],
    "volume": 2000,
    "time": "2025-12-08T14:52:00"
  },
  "cháy quán bún ốc": {
    "keywords": [
      "cháy quán bún ốc",
      "cháy trần hưng đạo quận 1"
    ],
    "volume": 1000,
    "time": "2025-12-08T14:52:00"
  },
  "chiến sự nga ukraine": {
    "keywords": [
      "chiến sự nga ukraine"
    ],
    "volume": 1000,
    "time": "2025-12-08T14:52:00"
  },
  "hạ cánh khẩn cấp": {
    "keywords": [
      "hạ cánh khẩn cấp",
      "máy bay"
    ],
    "volume": 1000,
    "time": "2025-12-08T14:52:00"
  },
  "nghị định 310 năm 2025": {
    "keywords": [
      "nghị định 310 năm 2025",
      "nghị định 310",
      "nghị định 310/2025"
    ],
    "volume": 1000,
    "time": "2025-12-08T14:52:00"
  },
  "campuchia thái lan": {
    "keywords": [
      "campuchia thái lan",
      "thái lan campuchia"
    ],
    "volume": 500,
    "time": "2025-12-08T14:52:00"
  },
  "asean club championship": {
    "keywords": [
      "asean club championship"
    ],
    "volume": 200,
    "time": "2025-12-08T14:52:00"
  },
  "minh chinh": {
    "keywords": [
      "minh chinh"
    ],
    "volume": 100,
    "time": "2025-12-08T14:52:00"
  },
  "sân bay long thành": {
    "keywords": [
      "sân bay long thành ở tỉnh nào, sân bay long chuyến bay đầu tiên"
    ],
    "volume": 5000,
    "time": "2025-12-19T08:43:00"
  },
  "indonesia lũ lụt": {
    "keywords": [
      "indonesia lũ lụt"
    ],
    "volume": 100,
    "time": "2025-12-08T14:52:00"
  },
  "sân vận động trống đồng": {
    "keywords": [
      "sân vận động trống đồng",
      "xã thượng phúc hà nội",
      "khu đô thị thể thao olympic",
      "xã thượng phúc",
      "olympic"
    ],
    "volume": 5000,
    "time": "2025-12-20T01:21:00"
  },
  "khai mạc hội nghị trung ương 15": {
    "keywords": [
      "khai mạc hội nghị trung ương 15",
      "nhân sự hội nghị trung ương 15"
    ],
    "volume": 5000,
    "time": "2025-12-23T08:55:00"
  },
  "phim avatar 3": {
    "keywords": [
      "avatar",
      "phim avatar 3",
      "avatar 2",
      "24",
      "avatar 3",
      "phim zootopia phi vụ động trời"
    ],
    "volume": 40000,
    "time": "2025-12-23T08:55:00"
  },
  "chợ xanh định công": {
    "keywords": [
      "chợ xanh định công",
      "cháy chợ xanh"
    ],
    "volume": 200,
    "time": "2025-12-23T08:55:00"
  },
  "dgc": {
    "keywords": [
      "dgc",
      "dgc bị điều tra",
      "dgc cafef",
      "hóa chất đức giang bị điều tra",
      "cổ phiếu dgc"
    ],
    "volume": 10000,
    "time": "2025-12-20T01:21:00"
  },
  "shark hưng": {
    "keywords": [
      "shark hưng"
    ],
    "volume": 5000,
    "time": "2025-12-20T01:21:00"
  },
  "faker": {
    "keywords": [
      "faker t1",
      "t1",
      "t1 về việt nam",
      "fptplay",
      "vp bank",
      "faker",
      "fpt play t1",
      "fpt play",
      "vpbank"
    ],
    "volume": 5200,
    "time": "2025-12-23T08:55:00"
  },
  "áp thấp nhiệt đới": {
    "keywords": [
      "áp thấp nhiệt đới",
      "áp thấp nhiệt đới philippines"
    ],
    "volume": 2000,
    "time": "2025-12-20T01:21:00"
  },
  "khu đô thị thể thao olympic": {
    "keywords": [
      "khu đô thị thể thao olympic",
      "xã thượng phúc hà nội",
      "sân vận động trống đồng ở đâu",
      "xã thượng phúc",
      "olympic"
    ],
    "volume": 2000,
    "time": "2025-12-23T08:55:00"
  },
  "giám đốc sở khoa học công nghệ hà nội": {
    "keywords": [
      "giám đốc sở khoa học công nghệ hà nội",
      "hà nội chọn lọc gen",
      "trần anh tuấn",
      "chọn lọc gen để đào tạo tinh hoa",
      "tinh hoa"
    ],
    "volume": 2000,
    "time": "2025-12-20T01:21:00"
  },
  "liên quân": {
    "keywords": [
      "liên quân"
    ],
    "volume": 500,
    "time": "2025-12-20T01:21:00"
  },
  "u23 châu á": {
    "keywords": [
      "u23 châu á"
    ],
    "volume": 200,
    "time": "2025-12-19T08:43:00"
  },
  "nghị định 320": {
    "keywords": [
      "nghị định 320",
      "nghị định 320 hướng dẫn luật thuế tndn áp dụng cho năm 2025",
      "nghị định 320/2025"
    ],
    "volume": 2000,
    "time": "2025-12-20T01:21:00"
  },
  "châu âu bỏ lệnh cấm xe xăng": {
    "keywords": [
      "châu âu bỏ lệnh cấm xe xăng"
    ],
    "volume": 1000,
    "time": "2025-12-20T01:21:00"
  },
  "pnj": {
    "keywords": [
      "pnj",
      "vàng sjc giá vàng",
      "giá vàng doji hôm nay",
      "giá vàng sjc"
    ],
    "volume": 2000,
    "time": "2025-12-20T01:21:00"
  },
  "lê khắc ngọ": {
    "keywords": [
      "lê khắc ngọ"
    ],
    "volume": 1000,
    "time": "2025-12-20T01:21:00"
  },
  "làn sóng xanh": {
    "keywords": [
      "làn sóng xanh"
    ],
    "volume": 500,
    "time": "2025-12-20T01:21:00"
  },
  "sân vận động thái nguyên": {
    "keywords": [
      "sân vận động thái nguyên"
    ],
    "volume": 100,
    "time": "2025-12-23T08:55:00"
  },
  "avatar 1": {
    "keywords": [
      "avatar 1"
    ],
    "volume": 500,
    "time": "2025-12-20T01:21:00"
  },
  "cục trưởng cục an toàn thực phẩm": {
    "keywords": [
      "cục trưởng cục an toàn thực phẩm",
      "sports"
    ],
    "volume": 500,
    "time": "2025-12-20T01:21:00"
  },
  "malaysia bị fifa xử thua": {
    "keywords": [
      "malaysia bị fifa xử thua"
    ],
    "volume": 200,
    "time": "2025-12-20T01:21:00"
  },
  "phim zootopia": {
    "keywords": [
      "phim zootopia"
    ],
    "volume": 100,
    "time": "2025-12-23T08:55:00"
  },
  "bắt giữ phạm thoại": {
    "keywords": [
      "bắt giữ phạm thoại",
      "bắt phạm thoại"
    ],
    "volume": 200,
    "time": "2025-12-20T01:21:00"
  },
  "kao vân": {
    "keywords": [
      "kao vân"
    ],
    "volume": 200,
    "time": "2025-12-19T08:43:00"
  },
  "merry christmas": {
    "keywords": [
      "merry christmas"
    ],
    "volume": 200,
    "time": "2025-12-23T08:55:00"
  },
  "bạc phú quý": {
    "keywords": [
      "bạc phú quý",
      "giá bạc phú quý",
      "giá bạc hôm nay",
      "giá bạc phú quý hôm nay",
      "giá bạc thế giới",
      "giá bạc thế giới hôm nay"
    ],
    "volume": 2000,
    "time": "2025-12-20T01:21:00"
  },
  "nghị định 73/2024/nđ-cp": {
    "keywords": [
      "nghị định 73/2024/nđ-cp"
    ],
    "volume": 100,
    "time": "2025-12-20T01:21:00"
  },
  "hdpe là gì": {
    "keywords": [
      "hdpe thì ngon luôn là gì",
      "đầu tư hdpe là gì"
    ],
    "volume": 100000,
    "time": "2025-12-20T01:21:00"
  },
  "nghị định 282": {
    "keywords": [
      "nghị định 282"
    ],
    "volume": 1000,
    "time": "2025-12-20T01:21:00"
  },
  "anh trai say hi": {
    "keywords": [
      "anh trai say hi",
      "negav",
      "anh trai say hi mùa 2",
      "quán quân anh trai say hi mùa 2",
      "anh trai say hi chung kết",
      "buitruonglinh"
    ],
    "volume": 5000,
    "time": "2025-12-20T01:21:00"
  },
  "shark bình": {
    "keywords": [
      "shark bình"
    ],
    "volume": 500,
    "time": "2025-12-20T01:21:00"
  },
  "hội nghị công an toàn quốc": {
    "keywords": [
      "hội nghị công an toàn quốc"
    ],
    "volume": 500,
    "time": "2025-12-20T01:21:00"
  },
  "võ thị mỹ tiên": {
    "keywords": [
      "võ thị mỹ tiên",
      "đinh việt hùng"
    ],
    "volume": 500,
    "time": "2025-12-20T01:21:00"
  },
  "lê hữu song": {
    "keywords": [
      "lê hữu song"
    ],
    "volume": 200,
    "time": "2025-12-20T01:21:00"
  },
  "việt nam vs thái lan seagame 33": {
    "keywords": [
      "SEA Games 33: chung kết bóng đá nam, Việt Nam vs Thái Lan, lịch thi đấu – trực tiếp hôm nay, kết quả, tỉ số"
    ],
    "volume": 100000,
    "time": "2025-12-20T01:21:00"
  },
  "chung kết bóng đá nữ sea games 33": {
    "keywords": [
      "Chung kết bóng đá nữ SEA Games 33: Việt Nam vs Philippines – lịch thi đấu, trực tiếp VTV, tỷ số, kết quả và diễn biến trận đấu của tuyển nữ Việt Nam."
    ],
    "volume": 200000,
    "time": "2025-12-20T01:21:00"
  },
  "miss charm 2025 hoa hậu": {
    "keywords": [
      "miss charm 2025 hoa hậu"
    ],
    "volume": 100,
    "time": "2025-12-20T01:21:00"
  }
}