index,refined_summary
0,"Lực lượng vũ trang New Zealand ngày 9.12 cho biết con tàu lớn nhất của hải quân nước này đã ""chạm trán"" một tàu chiến của Đài Loan khi đi qua eo biển Đài Loan vào tháng trước, đồng thời đưa ra hình ảnh hiếm hoi về diễn biến đó."
1,"Cuộc điều tra được công bố hồi tuần trước chỉ ra trong khoảng nửa năm, từ tháng 12.2024 - 5.2025, đã xảy ra 4 sự cố liên quan tàu sân bay USS Harry S. Truman, khiến quân đội Mỹ mất 3 tiêm kích F/A-18."
2,"Trong một tuyên bố, Bộ Ngoại giao Nga gọi Đại sứ Nga tại Triều Tiên Alexander Matsegora là ""một người tài năng, lỗi lạc"", ""cống hiến cả cuộc đời mình cho việc phục vụ quê hương""."
3,"Cuối tuần trước, Mỹ công bố chiến lược an ninh quốc gia mới, trong đó nêu rõ quan điểm về Đài Loan, vốn là một trong những vấn đề ngoại giao nhạy cảm nhất hiện tại."
4,"Hôm qua (8.12), Reuters dẫn lời Tổng thống Zelensky cho biết các cuộc đàm phán giữa Kyiv với Washington về kế hoạch hòa bình cho Ukraine đã mang tính xây dựng nhưng không dễ dàng."
5,"Theo AP ngày 9.12, lực lượng cứu hộ đã tìm thấy thi thể 3 nạn nhân trong ngày 7.12, sau đó phát hiện nạn nhân thứ 4 vào ngày 8.12. Các nạn nhân gồm 2 công dân Romania và 2 người Slovakia."
6,"Theo bài đăng trên Truth Social, Tổng thống Trump nói đã thông báo với ông Tập về quyết định của Washington liên quan đến việc ""bật đèn xanh"" cho phép Nvidia xuất khẩu chip AI sang Trung Quốc dưới những điều kiện an ninh nghiêm ngặt."
7,"Tòa án Nhân dân tối cao Cuba tuyên phạt cựu Bộ trưởng Kinh tế Alejandro Gil 20 năm tù về các tội danh làm lộ thông tin mật, hối lộ, làm giả tài liệu công và tham nhũng."
8,"Cơ quan Khí tượng Nhật Bản (JMA) thông báo trận động đất mạnh 7,5 độ Richters xảy ra đêm 8.12 ngoài khơi tỉnh Aomori, đồng thời cảnh báo nguy cơ xảy ra các dư chấn lớn trong vài ngày tới."
9,"Lầu Năm Góc công bố video ghi lại cuộc tấn công nghi buôn lậu ma túy của Mỹ, nhưng các nghị sĩ Dân chủ bày tỏ nghi ngờ và yêu cầu làm rõ thêm các chi tiết trong video."
10,"Phó giám đốc bảo tàng Louvre cho biết sự cố rò rỉ nước phát hiện ngày 26.11 đã làm hư hại một số tài liệu khoa học và chuyên san về Ai Cập học phục vụ công tác nghiên cứu."
11,"Phát ngôn viên quân đội Thái Lan cho biết nước này đã tiến hành các đợt không kích nhằm vào mục tiêu quân sự của Campuchia tại khu vực biên giới để đáp trả các hành động leo thang căng thẳng."
12,"Bộ Năng lượng Ukraine cho hay các cuộc không kích của Nga đã gây mất điện quy mô lớn tại nhiều tỉnh như Dnipropetrovsk, Donetsk, Zaporizhzhia, Sumy và Chernihiv."
13,"Các nhà khảo cổ phát hiện một chiếc thuyền triều đình cổ dài 35 m từ thế kỷ thứ nhất tại Alexandria, được thiết kế xa hoa phục vụ các chuyến du ngoạn trên kênh đào."
14,"Một nhóm binh sĩ tại Benin tuyên bố bãi nhiệm Tổng thống Patrice Talon và thiết lập Ủy ban Quân sự Tái lập, tuy nhiên chính phủ sau đó khẳng định đã kiểm soát được tình hình."
15,"Tòa án tại Bắc Kinh đưa ra phán quyết về việc bồi thường cho thân nhân của 8 hành khách Trung Quốc mất tích trên chuyến bay MH370 sau nhiều năm khởi kiện."
16,"Tổng thống Trump bày tỏ sự thất vọng khi Tổng thống Ukraine Zelensky chưa chấp thuận kế hoạch hòa bình của Mỹ, dù các bên cam kết sẽ tiếp tục quá trình đàm phán."
17,"Lực lượng Phòng vệ Nhật Bản báo cáo các tiêm kích trên tàu sân bay Liêu Ninh của Trung Quốc đã thực hiện khoảng 100 lần cất và hạ cánh trên vùng biển gần Nhật Bản cuối tuần qua."
18,"Hàng ngàn người dân Thái Lan sống gần biên giới Campuchia đã phải sơ tán đến nơi an toàn sau khi xảy ra đụng độ vũ trang giữa quân đội hai nước tại khu vực tranh chấp."
19,"Bệnh Parkinson là một rối loạn vận động do não thiếu hụt dopamine. Việc hiểu rõ cơ chế bệnh giúp nâng cao hiệu quả điều trị và chăm sóc bệnh nhân."
20,"Giao tranh dữ dội đã xảy ra giữa quân đội Thái Lan và Campuchia dọc khu vực biên giới tại tỉnh Ubon Ratchathani, gây lo ngại về một cuộc xung đột quy mô lớn hơn."
21,"Tổng thống Benin Patrice Talon khẳng định âm mưu đảo chính đã bị dập tắt với sự hỗ trợ của các lực lượng trung thành và quân đội từ nước láng giềng Nigeria."
22,"Chiến lược an ninh quốc gia mới của Mỹ gây sốc khi loại bỏ cụm từ ""mối đe dọa Nga"" và thay vào đó là những chỉ trích gay gắt hướng về Liên minh châu Âu (EU)."
23,"Chính quyền quận Yongsan (Seoul) tổ chức sự kiện ẩm thực quy mô lớn nhằm tôn vinh sự đa dạng văn hóa và thúc đẩy du lịch tại khu vực Itaewon nổi tiếng."
24,"100 học sinh bị bắt cóc từ một trường học ở Nigeria đã được tự do và trở về nhà, tuy nhiên vẫn còn hàng trăm người khác đang nằm trong tay các nhóm vũ trang."
25,"Chính quyền 4 tỉnh biên giới của Thái Lan đã ra lệnh sơ tán khẩn cấp cho người dân sau khi các cuộc đấu súng với quân đội Campuchia bùng phát tại khu vực Si Sa Ket."
26,"Nhân kỷ niệm 100 năm thành lập Bảo tàng Cố Cung, khu vườn Càn Long bên trong Tử Cấm Thành lần đầu tiên mở cửa đón khách tham quan, hé lộ những kiến trúc tinh xảo."
27,"Quan hệ giữa Mỹ và các đồng minh châu Âu trở nên căng thẳng sau khi Washington đơn phương tiến hành đàm phán với Nga về Ukraine mà không tham vấn ý kiến của EU."
28,"Các nhà thiên văn học phát hiện một cấu trúc vũ trụ khổng lồ dạng sợi bao gồm chuỗi các thiên hà dài hàng trăm triệu năm ánh sáng ở cách Trái đất khoảng 140 triệu năm ánh sáng."
29,"Giải Pickleball Sportpro.vn - Khánh Hòa mở rộng 2025 kết thúc thành công tốt đẹp tại Nha Trang, thu hút sự tham gia của đông đảo vận động viên và người hâm mộ."
30,"Chương trình học bổng SCG Sharing The Dream đã trao tặng 600 suất học bổng trị giá hơn 5 tỉ đồng cho học sinh, sinh viên vượt khó học giỏi trong 3 năm liên tiếp."
31,Cơ quan chức năng tỉnh Lâm Đồng khởi tố 3 cán bộ quản lý nghĩa trang P're do có hành vi trục lợi từ việc phân lô và bán đất nghĩa trang trái phép cho người dân.
32,Tỉnh Khánh Hòa chính thức đón chuyến bay đầu tiên chở du khách Nga trở lại sân bay Cam Ranh, đánh dấu việc phục hồi thị trường khách du lịch quốc tế trọng điểm.
33,Chính quyền tỉnh Khánh Hòa điều chỉnh phương án sắp xếp đơn vị hành chính cấp xã, theo đó sẽ sáp nhập và thành lập các phường mới mang tên Nha Trang tại TP.Nha Trang.
34,Bệnh viện Bệnh nhiệt đới Trung ương điều trị cho một bệnh nhân tại Tuyên Quang bị nhiễm loại nấm hiếm gặp sau khi thực hiện các công việc liên quan đến đất đai tại nghĩa trang.
35,"Khoảng 12 giờ ngày 28.11.2024, lực lượng chức năng đã đưa được 4 thi thể, trong đó có 2 trẻ em bị mắc kẹt trong ngôi nhà 3 tầng bị cháy ở TP.Nha Trang."
36,"Nhà thiết kế Lý Quí Khánh chia sẻ về hành trình theo đuổi đam mê thời trang và những kỷ niệm gia đình trong chương trình Art of Living tập 3."
37,"Một người dùng xe VinFast VF 3 trang bị hàng loạt tính năng mới, cá nhân hóa theo ý thích, giúp chiếc xe có nhiều trang bị như xe sang."
38,"Trong tập 3 phim 'Hoa sữa về trong gió', mâu thuẫn gia đình đẩy lên cao khi ông Hiếu áp đặt con gái, trong khi Linh nỗ lực làm cầu nối giữa chồng và con."
39,"Tuần lễ thời trang Việt Nam khép lại với 16 show diễn ấn tượng, khẳng định sự sáng tạo và nội lực mạnh mẽ của các nhà thiết kế trong nước."
40,"Chính phủ dự kiến huy động tối đa nguồn vốn từ khu vực tư nhân để đầu tư xây dựng 6 sân bay mới trong thập kỷ tới nhằm giảm áp lực cho ngân sách nhà nước."
41,Ba người đẹp đăng quang tại Hoa hậu Du lịch Việt Nam 2024 được đánh giá cao về sự thay đổi tích cực trong phong cách thời trang và kỹ năng trình diễn.
42,Quản lý thị trường Hà Nội phát hiện nhiều vi phạm về nhãn mác và chất lượng sản phẩm tại các cửa hàng kinh doanh vàng trang sức trên địa bàn.
43,Chủ tịch Quốc hội Trần Thanh Mẫn nhấn mạnh việc đổi mới quy trình xây dựng pháp luật để nâng cao chất lượng các đạo luật và tháo gỡ khó khăn cho người dân, doanh nghiệp.
44,"Đội Trường CĐ Kỹ thuật công nghệ Nha Trang thắng thuyết phục ĐH Nha Trang 3-0, chính thức giành vé đại diện khu vực Nam Trung bộ dự vòng chung kết giải TNSV."
45,Trường CĐ Kỹ thuật công nghệ Nha Trang tiếp tục khẳng định sức mạnh tại giải TNSV THACO Cup 2024 sau chiến thắng quan trọng trước đối thủ ĐH Tây Nguyên.
46,CĐ Kỹ thuật công nghệ Nha Trang vất vả vượt qua CĐ Du lịch Nha Trang trong trận derby nghẹt thở tại vòng loại giải bóng đá Thanh Niên sinh viên Việt Nam.
47,Những tình huống đáng chú ý nhất trong trận đấu giữa CĐ KTCN Nha Trang - ĐH Tây Nguyên trong khuôn khổ vòng loại Giải bóng đá Thanh Niên sinh viên Việt Nam lần II - 2024 - Cúp THACO.
48,Những tình huống đáng chú ý nhất trong trận đấu giữa CĐ Kỹ thuật công nghệ Nha Trang- ĐH Nha Trang trong khuôn khổ vòng loại Giải bóng đá Thanh Niên sinh viên Việt Nam lần II - 2024 - Cúp THACO.
49,Nghiên cứu chỉ ra người mua ô tô tại Việt Nam thường ưu tiên các xe có nhiều trang bị nhưng thực tế lại ít khi sử dụng hết các tính năng này trong quá trình vận hành.
50,Khánh Hòa và Lâm Đồng đề xuất đầu tư dự án cao tốc Nha Trang - Đà Lạt theo hình thức PPP với quy mô 4 làn xe để thúc đẩy liên kết vùng và du lịch.
51,"Tin đồn về mẫu iPhone gập mới của Apple sẽ không sử dụng Face ID mà thay vào đó là hệ thống 4 camera mặt sau cùng công nghệ màn hình tiên tiến."
52,"ĐH Tôn Đức Thắng vượt qua CĐ Kỹ thuật công nghệ Nha Trang sau loạt sút luân lưu đầy kịch tính để ghi tên mình vào vòng bán kết giải TNSV THACO Cup 2024."
53,Phụ kiện cà vạt đang trở thành xu hướng thời trang mới cho phái nữ với những bản phối đầy cá tính và trẻ trung, phá vỡ định kiến đây chỉ là món đồ của nam giới.
54,Chuyên gia công nghệ chia sẻ về 4 kỹ năng cốt lõi mà sinh viên cần trang bị để thích nghi với sự thay đổi nhanh chóng của thị trường lao động trong kỷ nguyên số.
55,CĐ Du lịch Nha Trang có chiến thắng áp đảo trước ĐH Thái Bình Dương trong ngày ra quân tại vòng loại giải bóng đá Thanh Niên sinh viên khu vực Nam Trung bộ.
56,Apple giới thiệu AirPods 4 với chip H2 và khả năng khử tiếng ồn chủ động vượt trội, cùng thiết kế hộp sạc mới tích hợp cổng USB-C.
57,Mẫu sổ đỏ mới sắp được triển khai sẽ rút gọn còn 2 trang và tích hợp mã QR để người dân dễ dàng tra cứu thông tin pháp lý của tài sản qua ứng dụng di động.
58,"Lãnh đạo tỉnh Khánh Hòa trực tiếp chỉ đạo tại hiện trường vụ cháy nhà ở Nha Trang, yêu cầu các đơn vị rà soát khẩn cấp công tác phòng cháy chữa cháy trên toàn thành phố."
59,Cựu cán bộ Cục Cảnh sát Hình sự nhận án tù do hành vi bảo kê cho sòng bạc quy mô lớn tại Nha Trang, gây ảnh hưởng nghiêm trọng đến uy tín ngành công an.
60,Một người chồng tại Vĩnh Phúc chi mạnh tay để trang trí ngôi nhà thành 4 không gian chụp ảnh lung linh nhằm tạo bất ngờ và chiều lòng sở thích của vợ.
61,Mẫu giấy chứng nhận quyền sử dụng đất mới sẽ thay đổi đáng kể về hình thức khi thu gọn từ 4 trang xuống còn 2 trang và bổ sung các tính năng bảo mật hiện đại.
62,Dư luận xôn xao trước việc các đề kiểm tra môn Ngữ văn chương trình mới có độ dài lên tới 4 trang giấy, gây áp lực lớn cho học sinh trong quá trình làm bài.
63,Cựu Tư lệnh Cảnh sát biển Việt Nam bị cáo buộc chỉ đạo cấp dưới rút ruột ngân sách dành cho việc bảo trì trang thiết bị tại các vùng cảnh sát biển để tham ô.
64,Sự thay đổi táo bạo trong phong cách thời trang của 4 thành viên nhóm BlackPink trong tour diễn toàn cầu mới nhất đang nhận được nhiều ý kiến trái chiều từ người hâm mộ.
65,Chiếc xe ô tô Toyota Fortuner mang biển kiểm soát tỉnh Sơn La được sử dụng để cất giấu ma túy tinh vi. Bình ắc quy xe ô tô trở thành nơi ngụy trang cất giấu 4 bánh heroin và 1.800 viên ma túy tổng hợp.
66,Bức thư tay dài 4 trang của đại văn hào Ernest Hemingway chia sẻ về những tai nạn máy bay ông từng trải qua đã được bán đấu giá với mức giá kỷ lục tại Mỹ.
67,Giá vàng miếng SJC duy trì khoảng cách chênh lệch lớn so với vàng nữ trang dù cùng chất lượng, khiến người dân có tâm lý e ngại khi giao dịch vào thời điểm này.
68,Thị trường vàng trong nước ghi nhận sự ảm đạm khi giá vàng nữ trang 4 số 9 biến động chậm hơn so với đà tăng giảm của giá vàng thế giới.
69,Áp lực từ việc đồng USD tăng giá khiến giá vàng nữ trang trong nước sụt giảm mạnh, thu hút sự quan tâm của những người đang có ý định mua sắm trang sức.
70,Bộ trưởng Y tế Nguyễn Thanh Long giải trình trước Quốc hội về tình trạng loạn giá thiết bị y tế và các vụ án tham nhũng liên quan đến mua sắm sinh phẩm xét nghiệm.
71,Bệnh viện Thống Nhất công bố kết quả nghiên cứu trên 1.000 bệnh nhân nhằm đưa ra phác đồ điều trị và chăm sóc hiệu quả cho người gặp các triệu chứng hậu Covid-19.
72,Nhiều nạn nhân bị lừa bán sang Campuchia kể lại những ngày tháng kinh hoàng khi bị ép buộc làm việc trong các sòng bạc trực tuyến và thường xuyên bị bạo hành.
73,Cơ quan chức năng cảnh báo về các ứng dụng cho vay tiền online với lãi suất ""cắt cổ"", tiềm ẩn nhiều rủi ro về đánh cắp dữ liệu cá nhân và đe dọa đòi nợ.
74,Đại biểu Quốc hội bày tỏ lo ngại về tình trạng dự án treo và lãng phí đất công, yêu cầu có biện pháp xử lý nghiêm các tổ chức, cá nhân để xảy ra sai phạm.
75,Dù đã chuẩn bị sẵn sàng về hạ tầng và các biện pháp an toàn dịch bệnh, việc đón khách du lịch quốc tế tại Phú Quốc vẫn đang chờ những quyết định cuối cùng từ Chính phủ.
76,Thủ tướng Chính phủ yêu cầu các địa phương phối hợp chặt chẽ để tổ chức các chuyến xe đưa người dân về quê an toàn, tránh tình trạng di chuyển tự phát gây lây lan dịch bệnh.
77,Giày cao gót vẫn duy trì vị thế là món đồ thời trang quyền lực nhất đối với phái nữ, giúp tôn vinh vẻ đẹp quyến rũ và sự tự tin trong mọi hoàn cảnh.
78,Tình tiết mới trong phim 'Sao Kim bắn tim Sao Hỏa' khi Trang bắt đầu nghi ngờ và thu thập bằng chứng về mối quan hệ bất chính của chồng với người phụ nữ khác.
79,Bãi biển Nha Trang tràn ngập ô dù và ghế cho thuê trái phép ngoài khung giờ quy định, gây cản trở lối đi của người dân và du khách đi dạo biển.
80,Các chuyên gia công nghệ khuyên người dùng nên ưu tiên nâng cấp RAM khi mua MacBook mới để đảm bảo máy hoạt động mượt mà trong thời gian dài thay vì bản 8GB cơ bản.
81,Người hâm mộ thất vọng trước thông tin mẫu iPhone SE 4 sắp tới có thể không được trang bị cấu hình đủ mạnh để chạy các tính năng trí tuệ nhân tạo (AI) mới của Apple.
82,Công an Đà Nẵng bắt giữ đối tượng thực hiện hàng loạt vụ trộm cắp tại các cơ sở kinh doanh trên tuyến phố du lịch bằng thủ đoạn bẻ khóa tinh vi.
83,Á hậu Mâu Thủy gây ấn tượng khi đầu tư bộ trang sức đắt giá trong dự án nghệ thuật mới, thể hiện sự chuyên nghiệp và chịu chi trong hoạt động nghệ thuật.
84,Nhờ mô hình trồng nấm sạch, một gia đình tại Kon Tum đã thoát nghèo và vươn lên làm giàu với mức thu nhập hàng trăm triệu đồng mỗi năm.
85,Lấn sân sang lĩnh vực thời trang đã 8 năm nhưng đây là lần đầu tiên Tăng Thanh Hà đưa thương hiệu mang tên mình lên sàn diễn chuyên nghiệp. Bộ sưu tập của cô thu hút sự chú ý tại ELLE Fashion Journey 2018.
86,Microsoft nâng cấp dòng Surface Laptop mới với dung lượng RAM tiêu chuẩn cao hơn nhưng vẫn giữ nguyên mức giá bán để tăng khả năng cạnh tranh với MacBook.
87,Chủ đầu tư chính thức khai trương căn hộ mẫu tiêu chuẩn 5 sao quốc tế tại dự án The Costa Nha Trang, thu hút sự quan tâm của giới đầu tư bất động sản nghỉ dưỡng.
88,Vụ nổ bình gas kinh hoàng tại một lễ hội ở Bolivia khiến ít nhất 8 người tử vong, cảnh báo về tình trạng mất an toàn tại các sự kiện tập trung đông người.
89,Hội thi tuyên truyền di sản văn hóa tỉnh Khánh Hòa lần thứ nhất được tổ chức tại Nha Trang nhằm tôn vinh và bảo tồn các giá trị truyền thống của địa phương.
90,Tài xế lái xe tải đâm vào đoàn người đi viếng nghĩa trang tại Hải Dương thừa nhận đã ngủ gật do làm việc quá sức, dẫn đến vụ tai nạn thảm khốc khiến 8 người chết.
91,"HMD Global vừa chính thức công bố chiếc smartphone cao cấp Nokia 8, trang bị chip Snapdragon 835 mới nhất của Qualcomm, mang đến khả năng hỗ trợ kết nối gigabit 4G LTE và nhiều tính năng độc đáo."
92,"Tàu vỏ thép BĐ 99999 TS trị giá 17,4 tỉ đồng gặp sự cố hỏng máy và thả trôi tại vùng biển Nha Trang, khiến 8 ngư dân trên tàu phải phát tín hiệu cầu cứu khẩn cấp."
93,Rò rỉ hình ảnh về mẫu smartphone Nokia 8 sắp ra mắt với cụm camera kép sử dụng ống kính Zeiss danh tiếng, hứa hẹn tạo nên bước ngoặt cho thương hiệu Nokia.
94,Tạp chí Vogue lên tiếng xin lỗi cộng đồng sau những tranh cãi xoay quanh bộ ảnh trang bìa được cho là mang thông điệp nhạy cảm và thiếu tinh tế.
95,Nga đẩy mạnh tiến độ đóng mới các tàu ngầm hạt nhân tấn công lớp Yasen với trang bị vũ khí hiện đại nhằm tăng cường năng lực răn đe trên các vùng biển quốc tế.
96,Lực lượng vũ trang Quân khu 9 tổ chức kỷ niệm 80 năm ngày truyền thống và đón nhận danh hiệu Anh hùng, khẳng định những đóng góp to lớn trong sự nghiệp bảo vệ Tổ quốc.
97,Hãng trang sức PNJ triển khai chương trình ưu đãi lớn trên toàn quốc, đồng hành cùng phụ nữ Việt trong việc khẳng định phong cách và vẻ đẹp cá nhân.
98,Chân váy màu be trở thành món đồ thời trang không thể thiếu trong mùa thu năm nay nhờ tính ứng dụng cao và vẻ đẹp thanh lịch mà nó mang lại cho người mặc.
99,Người dân tại Q.Tân Bình bức xúc trước tình trạng đơn vị thi công đào đường lắp cống thoát nước chậm tiến độ và thiếu an toàn, gây ảnh hưởng đến sinh hoạt.
100,Công ty BAF Việt Nam đón nhận chứng nhận chăn nuôi thông minh toàn cầu cho 15 trang trại mới, khẳng định vị thế dẫn đầu trong nông nghiệp hiện đại.index,refined_summary
101,"Trong khi giá vàng miếng SJC cao hơn thế giới 14 triệu đồng/lượng thì vàng nữ trang 4 số 9 lại cao hơn 1,3 triệu đồng/lượng."
102,"Được mẹ cất giấu trong lòng đất, bức thư dài 8 trang của người con gửi mẹ trải qua bao mưa bom bão đạn, mưa lũ liên miên... vẫn được bảo quản tốt và còn nguyên màu mực."
103,"Trong tập 9 'Sao Kim bắn tim Sao Hỏa', Trang phát hiện những bất thường trong tài khoản của chồng, trong khi Quý trực tiếp đi theo dõi và chụp ảnh bằng chứng Nghiêm gặp lại người yêu cũ."
104,"Nhiều đơn vị kinh doanh vàng tại TP.HCM đã nhận đặt hàng cho ngày Thần tài từ mùng 3 tết, với giá vàng nữ trang 4 số 9 dao động quanh mức 56 triệu đồng/lượng."
105,"Tốc độ tăng giá của vàng thế giới nhanh hơn trong nước dẫn đến rút ngắn mức chênh lệch, vàng nữ trang 4 số 9 hiện chỉ còn cao hơn thế giới từ 100.000 đến 600.000 đồng/lượng."
106,Không quân Mỹ đã đề xuất chuyển giao các mẫu máy bay không người lái MQ-9 Reaper cho Ukraine ngay từ giai đoạn đầu của cuộc xung đột để tăng cường khả năng giám sát và tấn công tầm xa.
107,"Tại Nghĩa trang liệt sĩ Quốc gia Đường 9, lễ dâng hương tưởng niệm các anh hùng liệt sĩ đã diễn ra trong không khí xúc động với sự tham gia của đông đảo cựu chiến binh và người dân."
108,"Sự biến động mạnh của giá vàng nữ trang 4 số 9 đã thu hẹp khoảng cách chênh lệch với vàng miếng SJC xuống còn khoảng 14 triệu đồng/lượng thay vì mức 16 triệu đồng như trước đây."
109,"Lầu Năm Góc xác nhận kế hoạch chuyển giao các dòng drone cảm tử tầm xa cho quân đội Ukraine vào tháng 9 tới sau khi hoàn tất các thủ tục huấn luyện và hậu cần."
110,Dù cùng là chất lượng vàng 4 số 9 nhưng mức chênh lệch giá giữa vàng miếng SJC và vàng nữ trang trên thị trường vẫn duy trì ở mức rất cao, lên đến 9 triệu đồng mỗi lượng.
111,Tòa án nhân dân TP.Hà Nội tuyên phạt bị cáo Phạm Thị Đoan Trang 9 năm tù giam về tội tuyên truyền chống Nhà nước Cộng hòa xã hội chủ nghĩa Việt Nam.
112,"Giá vàng trong nước ghi nhận đà tăng trưởng mạnh mẽ, đặc biệt là phân khúc vàng nữ trang 4 số 9, phản ứng nhạy bén trước những biến động kinh tế từ thị trường quốc tế."
113,"Hồ Ngọc Hà gây ấn tượng mạnh với phong cách thời trang sang trọng và nhan sắc quyến rũ khi xuất hiện tại sự kiện quốc tế, nhận được nhiều lời khen ngợi từ giới mộ điệu."
114,Bệnh viện đa khoa Tâm Trí Nha Trang tổ chức chuỗi hoạt động kỷ niệm 10 năm thành lập, khẳng định cam kết nâng cao chất lượng dịch vụ chăm sóc sức khỏe cho người dân địa phương.
115,Nha Trang Marriott Resort trên đảo Hòn Tre trở thành điểm đến nghỉ dưỡng cao cấp lý tưởng cho du khách với không gian biệt lập và dịch vụ đẳng cấp quốc tế.
116,Xu hướng thời trang tháng 9 mang đến những gợi ý phối đồ tinh tế với các tông màu trung tính và chất liệu nhẹ nhàng, phù hợp với tiết trời se lạnh của mùa thu.
117,Các chuyên gia thời trang đưa ra những lời khuyên hữu ích giúp phái đẹp lựa chọn trang phục dự tiệc cưới tinh tế và nổi bật, phù hợp với từng không gian tổ chức tiệc khác nhau.
118,Tác giả bày tỏ sự bức xúc khi tác phẩm tâm huyết bị nhiều trang web mạo danh và sao chép trái phép nhằm mục đích trục lợi bất chính, vi phạm nghiêm trọng bản quyền.
119,Trang phục công sở không chỉ cần sự chuyên nghiệp mà còn cần thể hiện gu thẩm mỹ tinh tế của người mặc thông qua những cách phối đồ trang nhã và lịch sự.
120,Người dân tại khu vực quy hoạch dự án nghĩa trang Yên Kỳ (Hà Nội) phải đối mặt với tình trạng thiếu nước sạch nghiêm trọng do dự án bị đình trệ kéo dài nhiều năm.
121,Siêu mẫu Thanh Hằng tỏa sáng rạng rỡ trong ngày cưới khi diện những bộ trang sức kim cương lộng lẫy có giá trị ước tính lên đến hơn 10 tỉ đồng.
122,Thời trang tháng 10 tôn vinh vẻ đẹp của người phụ nữ hiện đại qua những thiết kế mang hơi thở mùa thu, kết hợp giữa sự cổ điển và nét tươi mới đầy sức sống.
123,"Hai nhân vật sở hữu số lượng hình xăm lớn nhất thế giới đã được ghi danh vào sách kỷ lục Guinness, gây kinh ngạc bởi sự kiên trì và niềm đam mê mãnh liệt với nghệ thuật xăm mình."
124,Một thư ký tòa án tại Mỹ bị khởi tố vì hành vi gian lận và chiếm dụng tiền nộp phạt giao thông của người dân để sử dụng vào mục đích cá nhân trong nhiều năm.
125,Buổi đấu giá ấn vàng hoàng đế của vua Minh Mạng tại Pháp đã được dời lịch sang tháng 11 để tạo điều kiện cho các bên liên quan thực hiện các thủ tục bảo tồn di sản.
126,Tài tử Nam Goong Min đánh dấu sự trở lại đầy hứa hẹn với thể loại phim cổ trang sau một thập kỷ vắng bóng, nhận được sự kỳ vọng lớn từ khán giả yêu điện ảnh Hàn Quốc.
127,Các giáo viên chấm thi nhận định rằng chất lượng bài thi Ngữ văn không nằm ở độ dài mà ở sự sâu sắc trong tư duy và kỹ năng trình bày vấn đề của thí sinh.
128,Siêu mẫu Trang Lạ khiến người hâm mộ cảm động khi chia sẻ hình ảnh tặng món quà giá trị cho bố mẹ nhân dịp năm mới như một cách thể hiện lòng hiếu thảo.
129,Công ty Phương Trang FUTA Bus Lines vinh dự lọt vào danh sách Top 10 nhãn hiệu hàng đầu Việt Nam nhờ những đóng góp tích cực và uy tín trong lĩnh vực vận tải hành khách.
130,Bánh mì Sài Gòn vẫn giữ vững sức hút riêng biệt từ các hàng quán vỉa hè đến những nhà hàng cao cấp, là món ăn mang đậm bản sắc văn hóa ẩm thực của thành phố.
131,Nữ sinh Đan Thanh đến từ Nam Định xuất sắc trở thành thí sinh duy nhất đạt điểm 10 tuyệt đối môn Ngữ văn trong kỳ thi tốt nghiệp THPT vừa qua.
132,Các chuyên gia công nghệ đã tìm ra phương pháp giúp tính năng Recall trên Windows 11 có thể hoạt động được trên các thiết bị sử dụng chip ARM thế hệ cũ.
133,Đại diện Việt Nam - Trần Hoài Phương gây ấn tượng mạnh tại cuộc thi Miss Eco International khi lọt vào danh sách những thí sinh có phần trình diễn trang phục biển đẹp nhất.
134,Những bộ trang phục dân tộc lấy cảm hứng từ văn hóa đặc trưng vùng miền như bánh tráng, chiếu Cà Mau đã tạo nên điểm nhấn đặc biệt tại đấu trường Miss Universe Vietnam.
135,Giá vàng thế giới giảm nhẹ do áp lực chốt lời, tuy nhiên mức chênh lệch giữa vàng SJC và vàng nữ trang tại thị trường Việt Nam vẫn đang duy trì ở mức rất rộng.
136,Một công ty bất động sản tại Hà Tĩnh đã thực hiện hoạt động thiện nguyện đầy ý nghĩa khi đóng góp quỹ hỗ trợ cho những gia đình có hoàn cảnh đặc biệt khó khăn.
137,CLB bóng đá Sài Gòn đệ trình phương án tháo gỡ khó khăn về tài chính và đề xuất các chính sách hỗ trợ nhằm duy trì hoạt động bền vững của đội bóng trong tương lai.
138,Trong tập 11 phim 'Đừng nói khi yêu', nhân vật Trang rơi vào tình huống khó khăn khi bị đòi nợ, dẫn đến những quyết định bất ngờ làm thay đổi mạch phim.
139,Nữ sinh Trà Mi tại Nghệ An gây sốt khi đạt hai điểm 10 tuyệt đối ở các môn Lịch sử, Địa lý và điểm số gần như tối đa ở môn Ngữ văn trong kỳ thi vừa qua.
140,Câu chuyện cảm động về người mẹ đơn thân dành cả cuộc đời chăm sóc con mắc hội chứng Down tại một nghĩa trang đã lay động trái tim của nhiều người đọc.
141,Lenovo giới thiệu mẫu máy tính bảng Yoga Tab 11 mới với thiết kế linh hoạt và hiệu năng mạnh mẽ, đáp ứng nhu cầu giải trí và làm việc của mọi thành viên trong gia đình.
142,Nữ ca sĩ Adele xuất hiện lộng lẫy trên bìa tạp chí Vogue, chia sẻ về những thay đổi lớn trong cuộc sống cá nhân và cảm hứng tạo nên album âm nhạc mới nhất của cô.
143,Dòng máy tính bảng cao cấp Yoga Tab 13 của Lenovo tích hợp chân đế thông minh giúp người dùng có thể sử dụng thiết bị ở nhiều tư thế khác nhau một cách tiện lợi.
144,Mỹ nhân Cổ Lực Na Trát khoe sắc vóc chuẩn siêu mẫu trong bộ ảnh thời trang mới, khẳng định đẳng cấp ngôi sao với những bộ trang phục mùa đông thanh lịch.
145,Nokia C01 Plus chính thức ra mắt với hệ điều hành Android 11 phiên bản rút gọn, hướng đến phân khúc người dùng phổ thông với mức giá cực kỳ cạnh tranh.
146,Nữ sinh Huyền Trang tại Quảng Nam đã phải nỗ lực vượt qua nghịch cảnh gia đình, vừa đi học vừa đi làm thêm vất vả để có tiền trang trải cuộc sống và chăm sóc cha mẹ.
147,Nghệ sĩ Lê Thanh Thảo chia sẻ về những áp lực và thị phi mà cô phải đối mặt khi nối nghiệp gia đình trong lĩnh vực nghệ thuật cải truyền thống.
148,Đấu Trường Chân Lý chuẩn bị cập nhật hàng loạt trang bị mới, hứa hẹn sẽ làm thay đổi hoàn toàn chiến thuật và lối chơi của cộng đồng game thủ trong phiên bản tới.
149,Cộng đồng game thủ LMHT: Tốc Chiến đang háo hức chờ đợi phiên bản cập nhật 2.3 với sự xuất hiện của các vị tướng mới và những thay đổi quan trọng về cân bằng sức mạnh.
150,Giải bóng đá U.19 quốc tế sẽ diễn ra tại Nha Trang với sự góp mặt của các đội bóng mạnh, trong đó có lứa cầu thủ tiềm năng từ học viện HAGL JMG.
151,Một cụ ông ngoài 90 tuổi tại TP.HCM đã đến cơ quan báo chí để nhờ hỗ trợ pháp lý liên quan đến những tranh chấp nhà đất kéo dài mà ông chưa được giải quyết thỏa đáng.
152,"Nghệ sĩ Thu Trang, hay còn được biết đến với biệt danh ""chị 13"", tiếp tục khẳng định vị thế trong làng hài với những vai diễn mang phong cách độc đáo và đầy cuốn hút."
153,Vụ tai nạn đuối nước đau thương tại An Giang khiến hai chị em sinh đôi và một người em họ thiệt mạng đã để lại nỗi mất mát vô hạn cho gia đình và cộng đồng.
154,Công an quận Tân Bình thông báo tìm chủ sở hữu của các phương tiện vi phạm đang bị tạm giữ, yêu cầu người dân mang đầy đủ giấy tờ đến làm thủ tục nhận lại xe.
155,Một vụ tai nạn nghiêm trọng xảy ra trên tuyến cao tốc gần Nha Trang giữa xe khách và xe tải đã khiến hơn 10 người bị thương và phải nhập viện điều cứu chữa khẩn cấp.
156,Người dân tại khu vực ngã tư Nơ Trang Long phản ánh về tình trạng giao thông hỗn loạn và mất an toàn do thiếu hệ thống đèn tín hiệu và vạch kẻ đường rõ ràng.
157,Tuyến đường Lương Ngọc Quyến kết nối với Nơ Trang Long đang bị xuống cấp trầm trọng với nhiều hố sâu, gây nguy hiểm cho người tham gia giao thông mỗi khi trời mưa.
158,Nhà thiết kế Nguyễn Minh Công gây bất ngờ khi giới thiệu bộ sưu tập thời trang độc đáo được lấy cảm hứng hoàn toàn từ các loại bánh đặc sản của vùng sông nước Nam bộ.
159,Siêu mẫu Bella Hadid tiếp tục chứng minh tầm ảnh hưởng trong làng mốt thế giới khi trở thành gương mặt đại diện cho những chiến dịch quảng cáo táo bạo nhất của các nhãn hàng lớn.
160,Nữ diễn viên Natalie Portman thu hút sự chú ý tại sự kiện quốc tế với phong cách thời trang tinh tế, kết hợp giữa nét cổ điển và hiện đại từ các thương hiệu hàng đầu.
161,Chính quyền Thái Lan cảnh báo sẽ xử lý nghiêm các trường hợp vi phạm quy định phòng dịch tại các cuộc thi sắc đẹp sau khi phát hiện nhiều ca lây nhiễm Covid-19 mới.
162,Tài năng nhí Trang Anh xuất sắc giành ngôi vị quán quân chương trình Nhà thiết kế tương lai mùa đầu tiên với những mẫu thiết kế đầy sáng tạo và chuyên nghiệp.
163,Một vụ cháy lớn xảy ra tại căn nhà trên đường Nơ Trang Long nghi do nổ bình gas, lực lượng cứu hỏa đã phải nỗ lực trong nhiều giờ để khống chế ngọn lửa.
164,Vụ tai nạn giao thông thảm khốc đã cướp đi sinh mạng của 8 người và làm nhiều người khác bị thương, gây rúng động dư luận về vấn đề an toàn trên các tuyến đường quốc lộ.
165,Một bé gái 13 tuổi tại Đồng Nai đã nhận được nhiều lời khen ngợi từ cộng đồng khi chủ động mang số tiền lớn nhặt được đến đồn công an để tìm người đánh mất.
166,Bỉ chính thức trở thành quốc gia tiếp theo trang bị dòng tiêm kích tàng hình F-35 hiện đại, nhằm hiện thực hóa mục tiêu hiện đại hóa năng lực phòng không của đất nước.
167,Phiên chợ đồ cổ tại quận Bình Thạnh là điểm đến quen thuộc của những người đam mê sưu tầm cổ vật, nơi lưu giữ những giá trị văn hóa và ký ức của Sài Gòn xưa.
168,Một trạm y tế khang trang với đầy đủ trang thiết bị hiện đại sắp được đưa vào sử dụng tại vùng khó khăn của tỉnh Quảng Trị, góp phần nâng cao chất lượng khám chữa bệnh cho người dân.
169,Quán cà phê nằm trong con hẻm nhỏ trên đường Nơ Trang Long mỗi cuối tuần lại trở thành nơi giao lưu sôi nổi của những người yêu thích các món đồ xưa và ve chai độc lạ.
170,Cơ quan điều tra quận Bình Thạnh thông báo tìm bị hại trong vụ án cướp giật tài sản xảy ra trên địa bàn, đồng thời tạm giữ phương tiện gây án để phục vụ điều tra.
171,Người dân phản ánh tình trạng đường Nơ Trang Long đoạn qua quận Bình Thạnh bị hư hỏng nặng, xuất hiện nhiều ổ gà gây khó khăn và nguy hiểm cho người qua lại.
172,Một chủ quán cà phê tại Bình Định trình báo cơ quan công an về việc bị kẻ gian đột nhập lấy đi số lượng lớn vàng nữ trang và tiền mặt có giá trị cao.
173,Apple chính thức mở bán các mẫu MacBook Pro 13 inch phiên bản tân trang với mức giá ưu đãi hơn, vẫn đảm bảo chất lượng và chế độ bảo hành chính hãng cho người dùng.
174,Dòng laptop Vivobook S 14 mới của Asus được trang bị chip Intel tích hợp AI, mang lại hiệu năng mạnh mẽ và thời lượng pin ấn tượng cho người dùng văn phòng và sáng tạo.
175,Quy hoạch mới của thành phố Nha Trang định hướng phát triển 14 phân khu chức năng riêng biệt nhằm thúc đẩy kinh tế du lịch và đô thị bền vững trong tương lai.
176,Mitsubishi ra mắt phiên bản Outlander nâng cấp tại thị trường Việt Nam với 14 trang bị mới tập trung vào sự an toàn và tiện nghi, giữ nguyên mức giá cạnh tranh.
177,Acer giới thiệu Swift Go 14 AI tích hợp các tính năng trí tuệ nhân tạo tiên tiến, hỗ trợ người dùng tối ưu hóa hiệu suất làm việc và xử lý các tác vụ đồ họa mượt mà.
178,Mức chênh lệch giữa giá vàng miếng SJC và vàng nữ trang trong nước vẫn duy trì ở ngưỡng kỷ lục, khiến người tiêu dùng phân vân khi lựa chọn kênh đầu tư tích lũy.
179,Huawei trình làng MateBook 14 với thiết kế kim loại sang trọng và màn hình độ phân giải 2K sắc nét, hướng đến phân khúc người dùng trẻ năng động và yêu thích công nghệ.
180,Học viện bóng đá NutiFood gây chú ý với lứa cầu thủ tài năng tuy có thể hình nhỏ nhắn nhưng sở hữu kỹ thuật cá nhân và tư duy chơi bóng hiện đại.
181,Một nông dân tại Tiền Giang đạt thu nhập hàng tỉ đồng mỗi năm nhờ đầu tư vào mô hình trang trại nuôi các loại cá quý hiếm kết hợp du lịch sinh thái.
182,Các đội bóng tham dự giải bóng rổ VBA đã có mặt tại Nha Trang để thực hiện quy trình cách ly và chuẩn bị cho mùa giải đặc biệt theo mô hình bong bóng an toàn.
183,Cơ quan chức năng điều tra nguyên nhân vụ việc một nữ sinh tại Đà Lạt đột ngột qua đời trong giờ học thể dục, gây xôn xao dư luận địa phương.
184,Chi cục Thú y tỉnh Đồng Nai phát hiện và xử lý nghiêm hàng loạt trang trại chăn nuôi heo sử dụng chất cấm, nhằm đảm bảo an toàn thực phẩm cho người tiêu dùng.
185,Các ông bố trong chương trình 'Bố ơi mình đi đâu thế' đã có trải nghiệm đáng nhớ khi phải tự tay nấu bữa cơm cho hàng trăm người dân tại làng chài ven biển Nha Trang.
186,Gia đình một học sinh tại Nha Trang cầu cứu cơ quan chức năng sau khi nhận được những lời đe dọa hành hung từ các đối tượng lạ mặt có liên quan đến mâu thuẫn nợ nần.
187,Một vụ hành hung nghiêm trọng khiến học sinh lớp 8 tại Nha Trang bị thương nặng ở tay, công an đang tích cực điều tra để truy bắt nhóm đối tượng gây án.
188,Arsenal chuẩn bị đối đầu với Everton tại Goodison Park với hành trang là chuỗi trận bất bại ấn tượng, quyết tâm duy trì vị thế trong nhóm dẫn đầu Premier League.
189,Vụ hỏa hoạn xảy ra trong đêm tại một căn nhà ở quận Bình Thạnh đã may mắn không gây thiệt hại về người nhờ sự phát hiện kịp thời của những người xung quanh.
190,Hồ chứa nước lớn nhất tỉnh Khánh Hòa bắt đầu thực hiện điều tiết xả lũ sau nhiều ngày mưa lớn kéo dài, đảm bảo an toàn cho các khu dân cư hạ nguồn.
191,Tòa án nhân dân tối cao và chính quyền các địa phương đã có văn bản phản hồi về các khiếu nại của bạn đọc liên quan đến tranh chấp đất đai và thủ tục hành chính.
192,Khói lửa bốc lên từ một căn nhà trong hẻm nhỏ tại đường Nơ Trang Long khiến nhiều người dân hoảng loạn, lực lượng phòng cháy chữa cháy đã nhanh chóng có mặt để ứng cứu.
193,Câu chuyện về người phụ nữ vượt qua căn bệnh tật để trở thành một tấm gương sáng về nghị lực sống, tìm thấy niềm vui và ý nghĩa cuộc đời qua những trang sách.
194,Hành trình di chuyển bằng đường sắt trở nên vất vả đối với nhiều du khách khi các chuyến tàu về Nha Trang liên tục bị trễ chuyến do sự cố kỹ thuật trên tuyến đường.
195,Người đẹp Quỳnh Trang chia sẻ niềm vinh dự khi được đảm nhận vai trò dẫn chương trình cho đám cưới của cầu thủ Quang Hải, một trong những sự kiện được quan tâm nhất.
196,Báo Thanh Niên đưa tin về việc đề thi đánh giá năng lực có độ dài lên đến 15 trang, gây ra nhiều tranh luận về cấu trúc và thời gian làm bài của thí sinh.
197,Nam ca sĩ Đàm Vĩnh Hưng đã chính thức nộp các bằng chứng và bản tuyên thệ tại tòa án Mỹ liên quan đến những vụ kiện tụng kéo dài gây xôn xao dư luận.
198,Thành phố Nha Trang chuẩn bị chu đáo cho chuỗi 15 sự kiện lớn kỷ niệm 100 năm xây dựng và phát triển, khẳng định vị thế của một đô thị du lịch biển hàng đầu.
199,Gần 90.000 thí sinh trên cả nước bước vào kỳ thi đánh giá năng lực đợt 1 với quy mô lớn, nhằm xét tuyển vào các trường đại học hàng đầu.
200,Giá vàng miếng SJC duy trì mức chênh lệch 15 triệu đồng so với vàng nữ trang, trong bối cảnh thị trường giao dịch trầm lắng và nhà đầu tư có xu hướng thận trọng.
201,"Trang Pháp, nữ nhạc sĩ kiêm ca sĩ tài năng, quyết định tạm rời xa ánh đèn sân khấu để tập trung cho cuộc sống cá nhân và những dự án sáng tạo phía sau hậu trường."
202,"Thị trường smartphone tân trang ghi nhận sự tăng trưởng đột phá trong năm 2021 với doanh số tăng 15%, phản ánh xu hướng tiêu dùng tiết kiệm và bền vững của người dùng toàn cầu."
203,"Giá vàng miếng SJC vẫn duy trì ở mức cao kỷ lục và chênh lệch tới 15 triệu đồng/lượng so với vàng nữ trang, bất chấp đà giảm mạnh của giá vàng thế giới."
204,"Vietcombank Nha Trang kỷ niệm 15 năm thành lập và phát triển, khẳng định vai trò là tổ chức tín dụng uy tín, đồng hành cùng sự phát triển kinh tế - xã hội của tỉnh Khánh Hòa."
205,"Phương Trang FUTA Bus Lines chính thức vận hành 15 tuyến xe buýt không trợ giá tại An Giang, góp phần hiện đại hóa hệ thống giao thông công cộng tại địa phương này."
206,"Asus giới thiệu ROG Strix SCAR 15, mẫu laptop chơi game đầu tiên tại Việt Nam trang bị chip Intel thế hệ 12 cùng màn hình 240Hz siêu mượt dành cho game thủ chuyên nghiệp."
207,"Chuyên gia trang điểm Phan Minh Lộc đã có 15 năm gắn bó và đóng góp quan trọng cho Tạp chí Thời Trang Trẻ thông qua những layout trang điểm ấn tượng trên các bìa báo."
208,Một cửa hàng xăng dầu tại Lâm Đồng bị xử phạt hành chính 15 triệu đồng do hành vi găm hàng và từ chối bán dầu cho khách hàng trong thời điểm nguồn cung biến động.
209,"Nhân vật Ezreal trong Liên Minh Huyền Thoại chuẩn bị nhận thêm trang phục mới, nâng tổng số trang phục của vị tướng này lên con số 15, nhiều nhất trong trò chơi."
210,"Ca sĩ Mỹ Tâm chính thức phát hành MV mới mang tên 'Đúng cũng thành sai', một sản phẩm âm nhạc đánh dấu sự hợp tác thành công tiếp theo với nhạc sĩ Khắc Hưng."
211,"Nga ghi nhận tổn thất lớn về không quân khi mất 8 máy bay chiến đấu chỉ trong vòng 3 tuần, làm dấy lên nghi vấn Ukraine đã bắt đầu triển khai tiêm kích F-16."
212,"Tác giả Hiền Trang giới thiệu cuốn sách mới tập hợp 16 bài tiểu luận tinh tế về những gương mặt nghệ sĩ lớn, mang lại góc nhìn sâu sắc về nghệ thuật và cuộc sống."
213,"Trường ĐH Nha Trang công bố điểm chuẩn xét tuyển dựa trên kết quả thi tốt nghiệp THPT năm 2023 với mức điểm đa dạng tùy theo độ hot của các ngành đào tạo."
214,"Tuần lễ thời trang Paris Xuân Hè 2022 trở thành sàn diễn sôi động với những phong cách thời trang xa xỉ và đầy sáng tạo từ các nhà mốt hàng đầu thế giới."
215,"Giá vàng nữ trang trong nước sụt giảm về mức thấp nhất trong vòng 2 năm qua, tạo ra khoảng cách chênh lệch khổng lồ lên tới 16 triệu đồng so với vàng miếng SJC."
216,"iPhone tiếp tục thống trị thị trường điện thoại tân trang toàn cầu với mức tăng trưởng 16%, chiếm gần một nửa thị phần nhờ giá trị thương hiệu và độ bền cao."
217,Cảnh sát giao thông TP.HCM tăng cường kiểm tra và xử phạt những trường hợp người dân không đeo khẩu trang khi lưu thông trên đường nhằm đảm bảo an toàn phòng dịch.
218,"Lớp tàu hộ vệ mới của Hải quân Mỹ sẽ được trang bị hệ thống 16 tên lửa hành trình diệt hạm hiện đại, tăng cường đáng kể năng lực tác chiến trên biển."
219,"Meizu giới thiệu mẫu smartphone Meizu 16 tích hợp công nghệ cảm biến vân tay dưới màn hình, mang lại trải nghiệm mở khóa tiện lợi và thiết kế hiện đại."
220,"Trường ca 'Phồn sinh' của nhà thơ Nguyễn Linh Khiếu lập kỷ lục Việt Nam với độ dài hơn 700 trang, được ví như một 'hàng không mẫu hạm' trong nền thi ca đương đại."
221,"Thông tin tài khoản của hàng trăm triệu người dùng đang bị rao bán trái phép trên các diễn đàn 'chợ đen' với mức giá rẻ mạt, cảnh báo nguy cơ bảo mật thông tin."
222,Nữ sinh 16 tuổi Thùy Trang gây ấn tượng với năng khiếu âm nhạc dân tộc thiên bẩm và niềm đam mê mãnh liệt trong việc bảo tồn các giá trị văn hóa truyền thống.
223,Tòa án tỉnh Khánh Hòa tuyên phạt án tù nghiêm khắc đối với một bị cáo tại Nha Trang về hành vi giết người sau một mâu thuẫn bộc phát dẫn đến hậu quả đau lòng.
224,Ngôi sao Cameron Diaz từng bắt đầu sự nghiệp người mẫu từ năm 16 tuổi trước khi trở thành diễn viên nổi tiếng, là minh chứng cho sự nỗ lực và thành công sớm.
225,Một thiếu nữ 16 tuổi tại Hà Nội bị tuyên phạt 9 năm tù giam về tội giết người sau khi gây ra vụ án mạng chấn động liên quan đến những mâu thuẫn cá nhân nhỏ nhặt.
226,Các chuyên gia khuyến nghị người dùng laptop nên chú trọng việc nâng cấp RAM để cải thiện tốc độ xử lý và đáp ứng tốt hơn các yêu cầu công việc đa nhiệm hiện nay.
227,Thông tin rò rỉ cho biết mẫu máy chơi game thế hệ mới của Microsoft sẽ sở hữu cấu hình cực mạnh với 16 nhân xử lý, hứa hẹn mang lại trải nghiệm đồ họa đột phá.
228,Cơ quan chức năng Trung Quốc triệt phá đường dây lan truyền tin đồn thất thiệt trên mạng internet, bắt giữ nhiều đối tượng và đóng cửa hàng loạt trang web vi phạm.
229,Tàu chiến JS Kirisame của Nhật Bản sở hữu hệ thống hỏa lực cực mạnh với 16 ống phóng tên lửa chống ngầm và nhiều khí tài hiện đại phục vụ nhiệm vụ tuần tra biển.
230,Thủ tướng Phạm Minh Chính chỉ đạo khởi công dự án cao tốc Châu Đốc - Cần Thơ - Sóc Trăng vào ngày 17.6 nhằm đẩy nhanh tiến độ hạ tầng giao thông vùng ĐBSCL.
231,Đại diện Báo Thanh Niên trao số tiền hỗ trợ từ các nhà hảo tâm cho em Y Hoài Trang tại Kon Tum để giúp em có điều kiện điều trị căn bệnh hiểm nghèo.
232,Nữ sinh Y Hoài Trang nhận được sự giúp đỡ kịp thời từ bạn đọc Báo Thanh Niên để tiến hành phẫu thuật u não, mang lại hy vọng tiếp tục con đường học tập.
233,Mỹ nhân Phoebe Dynevor gây bất ngờ khi tiết lộ phong cách thời trang đời thường trẻ trung, khác hẳn với vẻ kiêu sa trong bộ phim cổ trang 'Bridgerton'.
234,Nghệ sĩ hóa trang trẻ tuổi Kayla Kelley trở nên nổi tiếng trên mạng xã hội nhờ những màn biến hóa kinh dị chân thực đến mức gây sốc cho người xem.
235,Bà Bạch Diệp đưa ra 18 trang tài liệu quan trọng tại tòa để chứng minh việc tráo đổi hợp đồng thế chấp tài sản, khẳng định mình bị oan trong vụ án lừa đảo.
236,Indonesia ký kết hợp đồng trị giá 170 triệu USD để mua 16 máy bay trực thăng Bell hiện đại nhằm nâng cao năng lực tác chiến và cứu hộ cho quân đội quốc gia.
237,Nhà thơ Mỹ Louise Glück vinh dự nhận giải Nobel Văn chương năm 2020 nhờ giọng thơ độc đáo mang vẻ đẹp đơn sơ nhưng có sức lay động tâm hồn mãnh liệt.
238,IVY Moda giới thiệu bộ sưu tập mới mang tên Flourish 18 với những thiết kế bay bổng trên chất liệu lụa và voan, tôn vinh vẻ đẹp tự do và phóng khoáng của phụ nữ.
239,Tòa án Nha Trang tuyên án tù nghiêm khắc đối với các bị cáo trong vụ án hình sự nghiêm trọng, thể hiện sự nghiêm minh của pháp luật đối với các hành vi vi phạm.
240,Đại biểu kiến nghị TP.HCM cần đẩy mạnh công tác phòng chống tham nhũng và tăng cường giám sát việc thực hiện các kết luận thanh tra để đảm bảo tính minh bạch.
241,Chính quyền Nha Trang xử phạt nghiêm nhiều trường hợp người nước ngoài tụ tập ăn nhậu trong thời gian thực hiện giãn cách xã hội để phòng chống dịch Covid-19.
242,Gia đình một nhà hảo tâm tại TP.HCM đã trao tặng 100 triệu đồng để hỗ trợ chi phí điều trị cho nữ sinh Quỳnh Trang đang đối mặt với căn bệnh xuất huyết não.
243,Cuộc thi thiết kế trang phục dân tộc cho đại diện Việt Nam tại Miss Universe 2019 đã chọn ra 18 mẫu thiết kế ấn tượng nhất để chuẩn bị cho vòng thực tế.
244,Nữ sinh 18 tuổi Quỳnh Trang tại Quảng Nam rơi vào hoàn cảnh ngặt nghèo khi mắc bệnh hiểm nghèo trong lúc gia đình đang gặp khó khăn về kinh tế.
245,Diễm Trang, một học sinh mồ côi tại miền Trung, đang nỗ lực vượt qua khó khăn để tiếp tục việc học và chăm sóc người thân già yếu, rất cần sự chung tay giúp đỡ của cộng đồng.
246,Đảo Khỉ và đảo Hoa Lan trên vịnh Nha Phu trở thành điểm đến du lịch sinh thái hấp dẫn du khách với những trải nghiệm gần gũi thiên nhiên gần thành phố Nha Trang.
247,Một nhóm thanh niên tại Trung Quốc gây chú ý khi hóa trang thành các chiến binh Spartan diễu hành trên phố để quảng bá cho một sự kiện thể thao địa phương.
248,Nhà thiết kế Nicolas Ghesquière giới thiệu bộ sưu tập Louis Vuitton mới với sự kết hợp độc đáo giữa trang phục quý tộc thế kỷ 18 và phong cách thể thao hiện đại.
249,Phương Trang, em gái của Angela Phương Trinh, thu hút sự chú ý của dư luận với phong cách thời trang gợi cảm và những dự định bước chân vào làng giải trí.
250,Bộ trưởng Thể thao Malaysia lên tiếng sau khi FIFA phát hiện sai phạm nghiêm trọng trong việc nhập tịch cầu thủ cho đội tuyển quốc gia, yêu cầu làm rõ trách nhiệm.
251,Báo cáo của FIFA chỉ đích danh Liên đoàn Bóng đá Malaysia đã giả mạo giấy tờ để nhập tịch cho 7 cầu thủ không có gốc gác địa phương, gây rúng động dư luận.
252,Bóng đá Malaysia đối mặt với án phạt nặng từ FIFA sau bê bối nhập tịch cầu thủ trái phép, ảnh hưởng nghiêm trọng đến uy tín của nền bóng đá nước nhà.
253,Một trang web phim người lớn gây xôn xao khi trở thành nhà tài trợ chính cho một đội tuyển Esports nổi tiếng, tạo ra những tranh luận về tính phù hợp của quảng cáo.
254,Một trang web thông tin y tế của Mỹ thay đổi quan điểm khi đăng tải các bằng chứng ủng hộ giả thuyết virus SARS-CoV-2 rò rỉ từ phòng thí nghiệm tại Vũ Hán.
255,Nữ diễn viên Cha Joo Young chia sẻ về những áp lực và nỗ lực bền bỉ để khẳng định bản thân trước khi đạt được thành công rực rỡ với vai diễn trong phim 'The Glory'.
256,"Phim cổ trang 'Chuyện tình Chunhwa' sử dụng những bức tranh vẽ tinh xảo để lồng ghép các phân cảnh tình cảm, tạo nên nét nghệ thuật độc đáo cho tác phẩm."
257,Tài tử Lee Hyun Wook thừa nhận sự lúng túng và áp lực tâm lý khi thực hiện các cảnh quay nhạy cảm trong bộ phim truyền hình mới mà anh tham gia đóng chính.
258,Ban Trọng tài VFF thừa nhận sai sót của trọng tài Phùng Đình Dũng khi không công nhận bàn thắng hợp lệ cho Khánh Hòa trong trận đấu tại V-League trên sân Nha Trang.
259,"Phía sản xuất phim 'The Queen Who Crowns' phủ nhận việc ép buộc diễn viên đóng cảnh nóng, khẳng định mọi phân đoạn đều phục vụ ý đồ nghệ thuật của kịch bản."
260,"Bộ phim cổ trang mới của Hàn Quốc gây tranh cãi ngay từ tập đầu tiên do có quá nhiều cảnh quay nhạy cảm, làm dấy lên những lo ngại về giới hạn độ tuổi người xem."
261,Chính quyền Hà Nội yêu cầu người dân bắt buộc đeo khẩu trang tại các địa điểm công cộng và phương tiện giao thông để ngăn ngừa nguy cơ bùng phát dịch bệnh.
262,Việc xét nghiệm sàng lọc Covid-19 cho học sinh sau kỳ nghỉ Tết tại Thanh Hóa đã giúp phát hiện sớm hàng ngàn ca nhiễm, đảm bảo an toàn cho môi trường học đường.
263,Một thanh niên tại Úc nhận án phạt tiền kỷ lục do cố tình vi phạm quy định cách ly và không đeo khẩu trang khiến dịch bệnh lây lan ra cộng đồng địa phương.
264,Nữ sinh 19 tuổi Minh Trang gây ấn tượng tại cuộc thi Hoa hậu Thế giới Việt Nam nhờ nhan sắc thanh tú và bảng thành tích học tập xuất sắc tại trường đại học.
265,Lễ tưởng niệm các nạn nhân qua đời vì Covid-19 tại Việt Nam nhận được sự đồng cảm và sẻ chia sâu sắc từ cộng đồng quốc tế và các tổ chức y tế thế giới.
266,Thành phố Nha Trang tổ chức xét nghiệm diện rộng cho toàn bộ giáo viên và học sinh trung học để chuẩn bị các điều kiện an toàn cho việc quay trở lại trường học.
267,Các dòng xe cứu thương chuyên dụng như Hyundai Starex đóng vai trò quan trọng trong việc vận chuyển bệnh nhân Covid-19 an toàn trong giai đoạn cao điểm của dịch.
268,Bộ Tư pháp Mỹ tăng cường các biện pháp bảo vệ giáo viên và nhân viên trường học trước những hành vi đe dọa liên quan đến các quy định phòng dịch và tiêm chủng.
269,Ngân hàng SHB thực hiện chiến dịch tặng bộ kit xét nghiệm nhanh Covid-19 cho khách hàng và nhân viên nhằm chung tay bảo vệ sức khỏe cộng đồng trong mùa dịch.
270,Một cửa hàng trang sức tại Mỹ bị băng trộm đào hầm đột nhập và lấy đi số tài sản trị giá 20 triệu USD, gây xôn xao dư luận về tính chuyên nghiệp của tội phạm.
271,Câu chuyện về nghị lực phi thường của Mai Trang tại Đồng Tháp khi vượt qua căn bệnh hiểm nghèo để theo đuổi đam mê làm hoa nhung thủ công tinh xảo.
272,Hình ảnh một cậu bé 5 tuổi bán bóng bay tại Ấn Độ đi nhắc nhở người dân đeo khẩu trang đã trở thành biểu tượng cảm động về ý thức phòng dịch trong cộng đồng.
273,Hà Nội áp dụng quy định bắt buộc đeo khẩu trang tại các không gian kín và nơi tập trung đông người nhằm duy trì thành quả phòng chống dịch bền vững.
274,Hồ Ngọc Hà thu hút mọi ánh nhìn tại sự kiện quốc tế khi diện bộ trang sức kim cương trị giá 20 tỉ đồng, khẳng định đẳng cấp thời trang của ngôi sao hàng đầu.
275,"Trong tập 20 'Hoa sữa về trong gió', mâu thuẫn giữa Trang và bố tiếp tục căng thẳng sau khi những hình ảnh riêng tư và hình xăm bí mật của cô bị phát hiện."
276,Ca sĩ Đoan Trang lần đầu trải lòng về những vấp ngã và nỗi đau trong tình yêu ở độ tuổi đôi mươi, giúp cô trưởng thành và mạnh mẽ hơn trong cuộc sống hiện tại.
277,"Chương trình 'Bạn muốn hẹn hò' tác hợp thành công cho một cặp đôi trung niên, mang lại những khoảnh khắc xúc động và niềm hy vọng về hạnh phúc muộn."
278,Công an tỉnh Cao Bằng khởi tố 3 đối tượng về hành vi cố ý làm lộ bí mật nhà nước liên quan đến việc phát tán các tài liệu nhạy cảm lên mạng xã hội trái phép.
279,Lý Nhã Kỳ tỏa sáng trên thảm đỏ với phong cách thời trang sang trọng kết hợp cùng bộ trang sức kim cương đắt giá, thu hút sự chú ý của truyền thông quốc tế.
280,Các chuyên gia ngành vàng thảo luận về việc nâng cao tiêu chuẩn chất lượng và minh bạch thông tin cho vàng trang sức tại Việt Nam để bảo vệ quyền lợi người tiêu dùng.
281,Hoa hậu Mai Phương đánh dấu 20 năm đăng quang bằng bộ ảnh thời trang đẳng cấp với hai tông màu đen trắng chủ đạo, khoe nhan sắc ngày càng mặn mà và quý phái.
282,Diễn viên trẻ Quỳnh Trang nhận được nhiều phản hồi tích cực từ khán giả khi vào vai một cô gái trẻ năng động và cá tính trong bộ phim truyền hình đang phát sóng.
283,Thành phố Nha Trang quyết định phong tỏa một số khu vực có nguy cơ cao sau khi ghi nhận nhiều ca lây nhiễm Covid-19 trong cộng đồng để dập dịch triệt để.
284,Câu lạc bộ Barcelona đối mặt với những chỉ trích từ người hâm mộ khi bán các mẫu khẩu trang mang logo đội bóng với mức giá bị cho là quá cao trong đại dịch.
285,Lực lượng chức năng đột kích một nhà nghỉ tại Bình Phước và phát hiện hàng chục đối tượng đang tụ tập sử dụng trái phép chất ma túy trong các phòng lưu trú.
286,Hãng trang sức PNJ triển khai chương trình khuyến mãi lớn và tặng kèm khẩu trang kháng khuẩn cho khách hàng nhằm kích cầu mua sắm dịp Quốc tế Phụ nữ.
287,Nghệ sĩ kịch nói Hồng Trang chia sẻ về những thăng trầm sau 20 năm cống hiến cho sân khấu và niềm hạnh phúc khi luôn được khán giả yêu mến và ủng hộ.
288,Tập đoàn Trung Nguyên Legend triển khai dự án trang bị 20 triệu tủ sách tri thức cho người trẻ Việt Nam với mong muốn thúc đẩy tinh thần khởi nghiệp và sáng tạo.
289,Nữ diễn viên Lý Hương bất ngờ trở lại sàn catwalk sau hơn hai thập kỷ vắng bóng, khoe vẻ đẹp rạng rỡ và kỹ năng trình diễn chuyên nghiệp tại tuần lễ thời trang.
290,Bệnh viện Đa khoa Quảng Nam nỗ lực cứu chữa cho các nạn nhân bị thương nặng trong vụ tai nạn giao thông thảm khốc xảy ra trên tuyến đường cao tốc miền Trung.
291,Lãnh đạo TP.HCM tham dự kỳ họp thường lệ của HĐND thành phố để thảo luận về các mục tiêu phát triển kinh tế và các vấn đề dân sinh quan trọng cho năm tới.
292,Đà Nẵng triển khai lắp đặt hệ thống bể bơi di động tại các trường học để phổ cập bơi lội và kỹ năng phòng chống đuối nước cho học sinh trong dịp hè.
293,Các đơn vị bảo trì đường bộ tại Gia Lai khẩn trương sửa chữa những đoạn đường bị hư hỏng trên quốc lộ do ảnh hưởng của mưa lũ kéo dài nhằm đảm bảo an toàn giao thông.
294,Cơ quan điều tra ra quyết định truy nã đối với bà Nguyễn Thị Thanh Nhàn cùng các bị cáo liên quan trong vụ án sai phạm đấu thầu tại Sở Giáo dục và Đào tạo TP.HCM.
295,Một hộ dân tại TP.HCM chủ động tháo dỡ công trình và bàn giao mặt bằng để phục vụ thi công dự án mở rộng đường giao thông, giúp sớm thông tuyến đường huyết mạch.
296,HĐND TP.HCM ghi nhận hàng trăm ý kiến đóng góp của cử tri và chuyển cho các cơ quan chức năng xem xét giải quyết, tập trung vào các vấn đề hạ tầng và an sinh xã hội.
297,Dư luận xôn xao trước thông tin một dự án bất động sản lớn tại Nha Trang bị đình chỉ thi công để rà soát các thủ tục pháp lý liên quan đến quy hoạch đô thị.
298,Các chuyên gia dinh dưỡng khuyến cáo người dân nên chú trọng việc bổ sung vitamin và khoáng chất để tăng cường hệ miễn dịch trong giai đoạn thời tiết giao mùa.
299,Thành phố Nha Trang tăng cường kiểm tra việc niêm yết giá và chất lượng dịch vụ du lịch nhằm chuẩn bị tốt nhất cho mùa cao điểm khách quốc tế sắp tới.
300,Nhiều doanh nghiệp tại Khánh Hòa đẩy mạnh chuyển đổi số trong quy trình sản xuất và kinh doanh để nâng cao năng lực cạnh tranh trong bối cảnh kinh tế mới.
301,Giải chạy marathon quốc tế tại Nha Trang thu hút hàng ngàn vận động viên tham gia, góp phần quảng bá hình ảnh du lịch biển xinh đẹp đến bạn bè quốc tế.
302,Chính phủ ban hành chính sách mới hỗ trợ các hộ kinh doanh cá thể tiếp cận nguồn vốn ưu đãi để khôi phục hoạt động sau những ảnh hưởng của dịch bệnh.
303,Tình trạng lấn chiếm vỉa hè làm nơi kinh doanh tại các tuyến phố trung tâm Nha Trang đang được cơ quan chức năng xử lý quyết liệt để trả lại không gian cho người đi bộ.
304,Đại học Nha Trang đẩy mạnh hợp tác với các doanh nghiệp để đào tạo nguồn nhân lực chất lượng cao đáp ứng nhu cầu thực tế của ngành kinh tế biển.
305,Dự án đường cao tốc kết nối Nha Trang với các tỉnh Tây Nguyên đang được đẩy nhanh tiến độ giải phóng mặt bằng để sớm khởi công xây dựng theo kế hoạch.
306,Người dân phản ánh về tình trạng ô nhiễm tiếng ồn từ các quán bar và cơ sở kinh doanh về đêm tại khu vực ven biển Nha Trang, yêu cầu có biện pháp quản lý chặt chẽ hơn.
307,Hội nghị xúc tiến đầu tư vào tỉnh Khánh Hòa ký kết nhiều bản ghi nhớ hợp tác quan trọng trong lĩnh vực du lịch và công nghiệp chế biến hải sản.
308,Các cơ sở y tế tại Nha Trang tăng cường ứng dụng công nghệ thông tin trong việc đặt lịch khám bệnh trực tuyến nhằm giảm thời gian chờ đợi cho người dân.
309,Chương trình thiện nguyện 'Áo ấm cho em' mang hàng ngàn phần quà đến với trẻ em vùng cao tỉnh Khánh Hòa, sưởi ấm tâm hồn các em trong mùa đông giá rét.
310,Nhiều hộ nông dân tại huyện Diên Khánh đạt hiệu quả kinh tế cao nhờ chuyển đổi sang mô hình trồng cây ăn trái kết hợp tưới tiêu tiết kiệm nước.
311,Thành phố Nha Trang triển khai đề án phân loại rác thải tại nguồn thí điểm tại một số phường trung tâm để bảo vệ môi trường và cảnh quan đô thị.
312,"Nghệ sĩ trẻ Quỳnh Trang chia sẻ về những dự định âm nhạc mới và mong muốn mang đến hơi thở hiện đại cho dòng nhạc Bolero mà cô đang theo đuổi."
313,Các hãng hàng không tăng cường chuyến bay đến Nha Trang trong dịp lễ sắp tới để đáp ứng nhu cầu du lịch tăng cao của người dân trong và ngoài nước.
314,Thanh niên Nha Trang tích cực tham gia các hoạt động tình nguyện bảo vệ môi trường biển và tuyên truyền không xả rác nhựa ra đại dương.
315,Nhiều khách sạn tại Nha Trang tung các gói khuyến mãi hấp dẫn và nâng cấp chất lượng dịch vụ để thu hút khách du lịch trong mùa thấp điểm.
316,Cơ quan chức năng cảnh báo về thủ đoạn lừa đảo chiếm đoạt tài sản qua mạng dưới hình thức tuyển cộng tác viên làm việc tại nhà với thu nhập cao.
317,Hệ thống chiếu sáng công cộng tại một số tuyến đường ngoại ô Nha Trang được nâng cấp lên đèn LED để tiết kiệm điện năng và đảm bảo an ninh trật tự.
318,Giải bóng chuyền bãi biển quốc tế tổ chức tại Nha Trang mang đến những trận cầu mãn nhãn và không khí sôi động cho người dân cũng như khách du lịch.
319,Các trường tiểu học tại Nha Trang tổ chức ngày hội đọc sách nhằm khơi dậy niềm đam mê học hỏi và bồi dưỡng tâm hồn cho học sinh từ lứa tuổi nhỏ.
320,Tỉnh Khánh Hòa chú trọng phát triển kinh tế ban đêm với các khu phố đi bộ và chợ đêm đặc sắc để đa dạng hóa trải nghiệm cho du khách khi đến Nha Trang.
321,Chương trình nghệ thuật chào năm mới tại quảng trường 2/4 hứa hẹn sẽ là một bữa tiệc âm thanh và ánh sáng hoành tráng dành cho người dân phố biển.
322,Nhiều công trình giao thông trọng điểm tại Nha Trang được hoàn thành và đưa vào sử dụng, giúp giải quyết tình trạng ùn tắc vào giờ cao điểm.
323,Các làng nghề truyền thống tại Khánh Hòa nhận được sự hỗ trợ về vốn và kỹ thuật để phát triển sản phẩm gắn với chương trình mỗi xã một sản phẩm (OCOP).
324,Cơ quan y tế khuyến cáo người dân thực hiện tiêm nhắc lại vắc xin phòng bệnh để bảo vệ sức khỏe cá nhân và duy trì miễn dịch cộng đồng hiệu quả.
325,Tiền đạo Benzema gặp vận rủi liên tiếp trong cùng một ngày khi vừa gặp chấn thương trong trận đấu của Real Madrid, vừa bị trộm đột nhập vào nhà riêng lấy đi nhiều tài sản giá trị.
