index,refined_summary
0,"Một tiêm kích F-16 của Thái Lan đã tấn công một casino ở bên kia biên giới với Campuchia, trong bối cảnh căng thẳng hai nước vẫn chưa hạ nhiệt."
1,"Ông Volodymyr Zelensky hé lộ điểm nghẽn lớn nhất trong đàm phán hòa bình cho Ukraine, Mỹ cho phép Nvidia bán chip H200 sang Trung Quốc,... là những tin nóng ngày 9-12."
2,Tổng thống Donald Trump đã công bố gói viện trợ trị giá 12 tỷ USD dành cho nông dân Mỹ - nhóm cử tri trung thành đang chịu thiệt hại từ thương chiến Mỹ - Trung.
3,Tổng thống Ukraine Zelensky thông báo nước này sẽ chia sẻ một kế hoạch hòa bình sửa đổi với Mỹ trong ngày 9-12.
4,"Tổng thống Ukraine Volodymyr Zelensky đã có cuộc gặp với ba lãnh đạo châu Âu đầu tiên, trong bối cảnh cuộc khủng hoảng ngoại giao do Mỹ để lại chưa có dấu hiệu hạ nhiệt."
5,"Trận động đất 7,6 độ làm rung chuyển khu vực đông bắc Nhật Bản vào tối muộn 8-12. JMA cảnh báo sóng thần cao tới 3m có thể ập vào bờ biển đông bắc Nhật Bản."
6,"Hai nước láng giềng Đông Nam Á đang căng thẳng tột độ sau khi nổ súng tại khu vực biên giới khiến một binh sĩ Thái Lan và 4 thường dân Campuchia thiệt mạng."
7,Đại sứ quán Việt Nam tại Thái Lan khuyến cáo công dân Việt Nam không đến khu vực đang xảy ra xung đột giữa Thái Lan và Campuchia.
8,Các cường quốc hạt nhân đang tăng cường kho vũ khí của mình trong bối cảnh căng thẳng toàn cầu gia tăng.
9,Lãnh đạo các nước châu Âu đang nỗ lực tìm kiếm giải pháp cho cuộc xung đột tại Ukraine trong bối cảnh Mỹ có những thay đổi về chính sách.
10,Chính quyền Tổng thống Trump đang xem xét các biện pháp mới nhằm gây áp lực lên các đối thủ thương mại.
11,"Bắc Kinh điều động tàu và máy bay quanh Đài Loan với mật độ cao, mô phỏng các đợt tấn công và ngăn chặn tiếp viện từ bên ngoài."
12,Các nhà khoa học vừa công bố một khám phá mới về tác động của biến đổi khí hậu đối với các dòng hải lưu.
13,Hàn Quốc đang thắt chặt các biện pháp an ninh sau hàng loạt các cuộc biểu tình phản đối chính sách của chính phủ.
14,"Thủ tướng Nhật Bản cam kết sẽ hỗ trợ tối đa cho các khu vực chịu ảnh hưởng bởi trận động đất và sóng thần vừa qua."
15,Giá dầu thế giới có xu hướng giảm nhẹ sau khi các nước sản xuất dầu mỏ lớn đạt được thỏa thuận về sản lượng.
16,Thị trường chứng khoán toàn cầu ghi nhận những biến động trái chiều trước các thông tin về chính sách tiền tệ của Mỹ.
17,Tổ chức Y tế Thế giới (WHO) cảnh báo về sự lây lan của một biến thể virus mới tại một số khu vực ở châu Phi.
18,Các công ty công nghệ lớn đang đối mặt với những quy định nghiêm ngặt hơn từ phía Liên minh châu Âu về quyền riêng tư dữ liệu.
19,Một cuộc triển lãm nghệ thuật quy mô lớn giới thiệu các tác phẩm của các nghệ sĩ Đông Nam Á vừa khai mạc tại Paris.
20,Nghiên cứu mới chỉ ra rằng việc sử dụng trí tuệ nhân tạo trong y tế có thể giúp cải thiện đáng kể độ chính xác trong chẩn đoán bệnh.
21,Lực lượng cứu hộ đang nỗ lực tìm kiếm những người còn mất tích sau vụ lở đất nghiêm trọng tại Indonesia.
22,Một startup công nghệ Việt Nam vừa gọi vốn thành công 10 triệu USD để mở rộng hoạt động sang thị trường khu vực.
23,Giải bóng đá Ngoại hạng Anh chứng kiến những bất ngờ lớn trong loạt trận diễn ra vào cuối tuần qua.
24,Các chuyên gia kinh tế dự báo tốc độ tăng trưởng của Việt Nam sẽ duy trì ở mức ổn định trong năm tới.
25,Một bộ phim điện ảnh Việt Nam vừa giành được giải thưởng quan trọng tại một liên hoan phim quốc tế danh giá.
26,Chính phủ ban hành quy định mới nhằm thúc đẩy việc sử dụng xe điện và giảm thiểu khí thải từ phương tiện giao thông.
27,Các trường đại học tại Việt Nam đang đẩy mạnh việc hợp tác quốc tế trong nghiên cứu và đào tạo.
28,"Nhiều địa phương tại miền Trung Việt Nam đang tích cực triển khai các biện pháp ứng phó với đợt mưa lớn sắp tới."
29,Ngành du lịch Việt Nam kỳ vọng sẽ đón lượng khách quốc tế kỷ lục trong mùa cao điểm cuối năm.
30,Một ứng dụng di động hỗ trợ học tiếng Anh của các nhà phát triển Việt Nam đang thu hút hàng triệu người dùng trên thế giới.
31,Chương trình thiện nguyện giúp xây dựng trường học cho trẻ em vùng cao vừa hoàn thành thêm 5 điểm trường mới.
32,Các nhà khảo cổ học phát hiện thêm nhiều hiện vật quý giá tại khu di tích Hoàng thành Thăng Long.
33,Hội nghị thượng đỉnh về biến đổi khí hậu của Liên Hợp Quốc kêu gọi các nước thực hiện những cam kết mạnh mẽ hơn.
34,Một nghệ sĩ trẻ Việt Nam vừa tạo nên tiếng vang lớn với triển lãm tranh cá nhân tại New York.
35,Cơ quan chức năng cảnh báo người dân về các thủ đoạn lừa đảo tinh vi qua không gian mạng.
36,Dự án đường sắt đô thị tại TP.HCM đang được đẩy nhanh tiến độ để sớm đưa vào vận hành kỹ thuật.
37,Các bệnh viện tại TP.HCM đang nỗ lực nâng cao chất lượng dịch vụ y tế để đáp ứng nhu cầu của người dân.
38,Một lễ hội văn hóa đặc sắc của đồng bào các dân tộc thiểu số vừa diễn ra tưng bừng tại tỉnh Lào Cai.
39,Các doanh nghiệp xuất khẩu Việt Nam đang tìm cách đa dạng hóa thị trường để thích ứng với tình hình mới.
40,Phát hiện một loài thực vật mới tại vùng rừng núi tỉnh Lâm Đồng có giá trị cao về mặt nghiên cứu khoa học.
41,Chương trình hỗ trợ khởi nghiệp cho thanh niên nông thôn đang mang lại những kết quả tích cực.
42,Sự kiện marathon quốc tế tại Hà Nội thu hút hàng ngàn vận động viên từ khắp nơi trên thế giới tham gia.
43,Một trung tâm bảo tồn động vật hoang dã vừa tiếp nhận và cứu hộ thành công một cá thể hổ quý hiếm.
44,Các nhà khoa học Việt Nam phát triển thành công một loại vật liệu mới có khả năng tự làm sạch bề mặt.
45,Sôi nổi các hoạt động kỷ niệm ngày nhà giáo Việt Nam 20-11 tại các trường học trên cả nước.
46,Ngân hàng Nhà nước Việt Nam tiếp tục thực hiện các biện pháp để ổn định tỷ giá và kiểm soát lạm phát.
47,Dự án xây dựng cầu vượt tại một nút giao thông trọng điểm ở Hà Nội vừa chính thức được khởi công.
48,Các nhà thiết kế thời trang Việt Nam trình làng những bộ sưu tập ấn tượng tại tuần lễ thời trang quốc tế.
49,Nhiều giải pháp sáng tạo được đề xuất tại hội thảo về phát triển đô thị thông minh tại Việt Nam.
50,Một cuộc thi robot dành cho học sinh phổ thông vừa diễn ra với nhiều sản phẩm độc đáo và sáng tạo.
51,Chính phủ phê duyệt chiến lược phát triển ngành công nghiệp bán dẫn tại Việt Nam tầm nhìn đến năm 2050.
52,Các chuyên gia cảnh báo về tình trạng ô nhiễm không khí tại các đô thị lớn và đề xuất các giải pháp khắc phục.
53,Một vận động viên điền kinh Việt Nam xuất sắc giành huy chương vàng tại giải vô địch châu Á.
54,Chiến dịch tiêm chủng mở rộng được triển khai quyết liệt để phòng chống các dịch bệnh truyền nhiễm.
55,Nhiều hoạt động ý nghĩa hướng tới ngày quốc tế người khuyết tật được tổ chức trên khắp cả nước.
56,Một kỹ sư Việt Nam được vinh danh quốc tế vì những đóng góp trong lĩnh vực năng lượng tái tạo.
57,Các địa phương đẩy mạnh việc thực hiện chương trình mỗi xã một sản phẩm (OCOP) để nâng cao thu nhập cho nông dân.
58,Một vở kịch mới của sân khấu kịch TP.HCM nhận được sự đón nhận nồng nhiệt từ khán giả.
59,Phát hiện một hang động mới với hệ thống thạch nhũ tuyệt đẹp tại tỉnh Quảng Bình.
60,Hội chợ du lịch quốc tế tại TP.HCM ký kết nhiều hợp đồng hợp tác quan trọng giữa các doanh nghiệp.
61,Các nhà nghiên cứu phát triển một phương pháp mới giúp tăng năng suất cây trồng thích ứng với hạn mặn.
62,Cuộc thi tìm kiếm tài năng âm nhạc trẻ thu hút đông đảo thí sinh tham gia trên toàn quốc.
63,TP.HCM đẩy mạnh các hoạt động chuyển đổi số trong quản lý hành chính công.
64,Một cuốn sách về lịch sử văn hóa Việt Nam vừa được dịch sang tiếng Anh và xuất bản tại Anh.
65,Cơ quan y tế khuyến cáo người dân thực hiện các biện pháp phòng chống bệnh sốt xuất huyết trong mùa mưa.
66,Dự án cải tạo kênh rạch tại TP.HCM góp phần cải thiện môi trường sống cho hàng ngàn hộ dân.
67,Các doanh nghiệp Việt Nam tích cực tham gia các hội chợ thương mại quốc tế để tìm kiếm đối tác.
68,Một sự kiện trình diễn ánh sáng nghệ thuật đặc sắc vừa diễn ra tại bến Nhà Rồng.
69,Các trường học tăng cường giáo dục kỹ năng sống và phòng chống bạo lực học đường cho học sinh.
70,Hà Nội triển khai thêm nhiều tuyến xe buýt điện để khuyến khích người dân sử dụng phương tiện công cộng.
71,Một nhóm sinh viên Việt Nam giành giải cao tại cuộc thi sáng tạo công nghệ quốc tế.
72,Các bác sĩ tại một bệnh viện ở Hà Nội thực hiện thành công ca ghép gan từ người cho sống.
73,Chương trình "Tiếp sức mùa thi" sẵn sàng hỗ trợ các thí sinh trong kỳ thi tốt nghiệp THPT sắp tới.
74,Một bảo tàng tư nhân về gốm sứ cổ vừa mở cửa đón khách tham quan tại tỉnh Bình Dương.
75,Các chuyên gia thảo luận về các giải pháp thúc đẩy kinh tế tuần hoàn tại Việt Nam.
76,Phát động cuộc thi viết về những tấm gương điển hình trong học tập và làm theo lời Bác.
77,Một lễ hội ẩm thực quốc tế giới thiệu nhiều món ăn đặc sắc từ các nước trên thế giới tại TP.HCM.
78,Tăng cường kiểm tra và xử lý nghiêm các hành vi vi phạm quy định về an toàn thực phẩm.
79,Một công ty Việt Nam xuất khẩu thành công lô hàng trái cây sang thị trường Mỹ sau khi vượt qua các kiểm định khắt khe.
80,Hội nghị khoa học quốc tế về vật liệu nano diễn ra tại Đà Nẵng với sự tham gia của nhiều chuyên gia đầu ngành.
81,Các hoạt động hưởng ứng ngày hội đọc sách được tổ chức sôi nổi tại nhiều thư viện và trường học.
82,Xây dựng thêm nhiều công viên và không gian xanh tại các khu dân cư mới ở TP.HCM.
83,Một bộ sưu tập tem quý hiếm về lịch sử Việt Nam được trưng bày tại triển lãm tem quốc gia.
84,Các nhà khoa học phát hiện một di chỉ khảo cổ học quan trọng từ thời kỳ văn hóa Đông Sơn.
85,Nỗ lực khôi phục và bảo tồn các làng nghề truyền thống đang có nguy cơ mai một.
86,Một vận động viên bơi lội trẻ Việt Nam phá kỷ lục quốc gia tại giải bơi vô địch các nhóm tuổi.
87,Triển khai chương trình hỗ trợ pháp lý miễn phí cho người nghèo và các đối tượng chính sách.
88,Một lễ hội hoa rực rỡ sắc màu được tổ chức tại thành phố Đà Lạt thu hút đông đảo du khách.
89,Các doanh nghiệp công nghệ Việt Nam đẩy mạnh đầu tư vào nghiên cứu và phát triển trí tuệ nhân tạo.
90,Hỗ trợ kịp thời cho các hộ gia đình bị thiệt hại do thiên tai tại các tỉnh miền núi phía Bắc.
91,Một chương trình truyền hình thực tế về khởi nghiệp thu hút sự quan tâm của giới trẻ và các nhà đầu tư.
92,Tăng cường hợp tác giữa nhà trường và doanh nghiệp trong đào tạo nghề nghiệp cho sinh viên.
93,Một cuộc thi ảnh nghệ thuật về vẻ đẹp đất nước và con người Việt Nam vừa được phát động.
94,Các nhà khoa học phát triển một loại thuốc mới hỗ trợ điều trị bệnh ung thư từ các dược liệu quý.
95,Kỷ niệm ngày thành lập Quân đội nhân dân Việt Nam với nhiều hoạt động tri ân sâu sắc.
96,Một hệ thống cảnh báo sớm thiên tai dựa trên công nghệ vệ tinh vừa được đưa vào sử dụng.
97,Thúc đẩy phát triển các sản phẩm du lịch gắn với bảo vệ môi trường và văn hóa bản địa.
98,Một nhà văn Việt Nam nhận giải thưởng văn học uy tín của khu vực Đông Nam Á.
99,Xây dựng thêm các trung tâm văn hóa và thể thao phục vụ cộng đồng tại các huyện ngoại thành.
100,Chiến dịch "Làm cho thế giới sạch hơn" thu hút sự tham gia tích cực của các tình nguyện viên.
101,"Một vị tướng của Campuchia đã xuất hiện công khai tại một sự kiện ở miền Đông Nam nước này, sau khi bị truyền thông Thái Lan đưa tin ông đã tử trận."
102,"Tổng thống Mỹ Donald Trump nhận định Ukraine ""không còn quân bài nào"" đủ mạnh để tạo lợi thế trên bàn đàm phán, trong khi Tổng thống Putin kiên quyết bác bỏ khả năng đàm phán."
103,"Sau khi Tổng thống Trump ký ban hành dự luật công bố tài liệu liên quan đến Jeffrey Epstein, Ủy ban Giám sát Hạ viện Mỹ đã yêu cầu chính quyền công bố toàn bộ thông tin."
104,Tổng thống Pháp Macron cho rằng Pháp và Trung Quốc nên vượt qua những khác biệt lịch sử để hướng tới một mối quan hệ ổn định hơn.
105,Văn phòng Tổng thống Hàn Quốc khẳng định 6 công dân nước này đã bị Triều Tiên giam giữ bất hợp pháp trong nhiều năm qua.
106,Lênh đạo UNODC lo ngại về việc nguồn cung ma túy bất hợp pháp đang có dấu hiệu gia tăng mạnh mẽ tại Myanmar.
107,Các nhà phân tích cho biết có video ghi lại cảnh Tổng thống Trump ngủ gật trong cuộc họp nội các kéo dài hơn hai giờ tại Nhà Trắng.
108,Tổng thống Mỹ Donald Trump mong muốn thúc đẩy sản xuất xe nhỏ tiết kiệm nhiên liệu tại Mỹ và phê duyệt các chính sách hỗ trợ ngay lập tức.
109,Một công ty Nhật Bản ra mắt ""máy giặt người Mirai"" giúp làm sạch cơ thể hoàn toàn tự động chỉ trong vài phút.
110,Tổng thống Trump khẳng định nhà lãnh đạo Venezuela Maduro đã giao nộp bằng chứng chống lại chính quyền Joe Biden liên quan đến các băng đảng ma túy.
111,Việc chuyển giao hệ thống phòng không S-400 cho Ấn Độ sẽ là nội dung trọng tâm trong hội nghị thượng đỉnh Nga - Ấn diễn ra vào chiều 4-12.
112,Chính quyền Trump yêu cầu kiểm tra kỹ lý lịch người nộp đơn visa H-1B để xác định xem họ có từng tham gia phát tán tin giả hay không.
113,Chính quyền Mỹ trừng phạt một nữ diễn viên Venezuela vì có mối quan hệ tình ái với một trùm băng đảng nổi tiếng.
114,Thủ tướng Việt Nam và Lào nhất trí thúc đẩy kết nối hai nền kinh tế nhằm bảo đảm an ninh kinh tế và năng lượng bền vững.
115,Điểm tin nóng ngày 4-12: Ông Putin muốn chấm dứt chiến tranh; Thị trưởng New York dọa bắt Thủ tướng Israel.
116,Một bộ trưởng Mỹ thừa nhận Washington là đồng minh của Đài Bắc trong khi Trung Quốc kiên quyết bác bỏ mối quan hệ này.
117,Nhóm thượng nghị sĩ Mỹ trình nghị quyết ngăn chặn các hành động quân sự nhắm vào Venezuela nếu không được Quốc hội thông qua.
118,Phi công hãng Red Wings (Nga) báo cáo sự cố cháy động cơ ngay sau khi cất cánh và đã thực hiện các biện pháp chữa cháy khẩn cấp.
119,Chủ tịch Ủy ban châu Âu đề xuất chi trả 90 tỷ euro cho khoản vay bồi thường và hỗ trợ tái thiết Ukraine.
120,Công tố viên Hàn Quốc đề nghị mức án 15 năm tù đối với vợ cựu Tổng thống Yoon Suk Yeol vì cáo buộc thao túng cổ phiếu.
121,Số người chết trong vụ cháy chung cư Wang Fuk Court tại Hong Kong đã tăng lên 159 người, gây chấn động dư luận.
122,Điện Kremlin xác nhận Tổng thống Trump sẵn sàng gặp Tổng thống Putin nếu đạt được thỏa thuận hòa bình sau cuộc đàm phán dài.
123,Thủ tướng Nhật Bản tái khẳng định lập trường của Tokyo coi Đài Loan là một phần lãnh thổ của Trung Quốc.
124,Nhiều nạn nhân trong vụ cháy nhà tại Hong Kong sống trong điều kiện thô sơ, thiếu thốn các thiết bị điện và vật dụng cơ bản.
125,Thủ tướng Phạm Minh Chính hội kiến với Tổng Bí thư, Chủ tịch nước Lào Thongloun Sisoulith tại văn phòng lãnh đạo Lào.
126,Siêu đô thị TP.HCM cần được phát triển dựa trên nền tảng tri thức, khoa học công nghệ và đổi mới sáng tạo.
127,Tổng thống Pháp Emmanuel Macron bắt đầu chuyến thăm cấp nhà nước lần thứ tư tới Trung Quốc nhằm thúc đẩy hợp tác song phương.
128,Chính quyền Bangkok đưa ra cảnh báo khẩn cấp do nồng độ bụi mịn PM2.5 đạt mức cao nhất trong vòng 15 năm qua.
129,TP.HCM đề xuất nghiên cứu mở tuyến vận tải biển trực tiếp để tăng cường kết nối và giao thương giữa hai nước.
130,Ngoại trưởng Mỹ Marco Rubio hy vọng sự thỏa hiệp với Nga sẽ tạo điều kiện để Ukraine tái thiết và phát triển thịnh vượng.
131,Giới trẻ tại Anh đang có xu hướng chuyển sang học các nghề thủ công để tìm kiếm sự ổn định nghề nghiệp lâu dài.
132,Thái Lan thắt chặt quy định cấm bán rượu bia trong khung giờ từ 11 giờ trưa đến nửa đêm để đảm bảo trật tự xã hội.
133,Một con gấu mèo gây náo loạn tại cửa hàng rượu ở Mỹ khi lao xuyên trần nhà và làm vỡ hàng loạt chai rượu.
134,Lãnh sự quán Việt Nam tại Hong Kong chưa ghi nhận thông tin về nạn nhân người Việt trong vụ cháy chung cư ở quận Tai Po.
135,Lãnh đạo Việt Nam và Lào nhất trí tạo bước đột phá trong hợp tác kinh tế, đặc biệt là lĩnh vực nông nghiệp và năng lượng.
136,Chính quyền Trump tạm dừng xét duyệt hồ sơ nhập cư từ 19 quốc gia nằm trong danh sách hạn chế đi lại trước đó.
137,Vụ va chạm nghiêm trọng giữa xe khách 16 chỗ và xe đầu kéo trên cao tốc Đà Nẵng - Quảng Ngãi khiến ít nhất 3 người tử vong.
138,Thủ tướng nhấn mạnh ""Chiến dịch Quang Trung"" phải mang lại hạnh phúc cho người dân vùng bão lũ, đặc biệt là vấn đề nhà ở.
139,Chính quyền các địa phương nỗ lực triển khai các biện pháp hỗ trợ người dân khắc phục hậu quả thiên tai, ổn định cuộc sống.
140,Các chuyên gia kinh tế thảo luận về các giải pháp thu hút đầu tư nước ngoài vào các khu công nghệ cao tại Việt Nam.
141,Nâng cao năng lực phòng cháy chữa cháy tại các khu dân cư đông đúc và các tòa nhà cao tầng là nhiệm vụ cấp bách.
142,Các đại biểu Quốc hội đề xuất xây dựng thể chế riêng biệt để tạo không gian sáng tạo và phát triển vượt trội cho TP.HCM.
143,Thủ tướng làm việc với tỉnh Tây Ninh và cho ý kiến về các đề xuất đầu tư hạ tầng giao thông trọng điểm của tỉnh.
144,Tàu hải quân Mỹ USS Tripoli và USS Robert Smalls có chuyến thăm hữu nghị thành phố Đà Nẵng từ ngày 17 đến 20-12.
145,Tập đoàn Xây dựng Hòa Bình báo cáo kết quả khắc phục sự cố sụt lún đường Nguyễn Công Trứ tại Đà Nẵng.
146,Du lịch An Giang đạt doanh thu kỷ lục hơn 56.000 tỷ đồng trong năm 2025 nhưng vẫn còn nhiều thách thức cần giải quyết.
147,Quốc hội thảo luận về việc khuyến khích đầu tư điện hạt nhân mô đun nhỏ (SMR) nhằm đa dạng hóa nguồn cung năng lượng.
148,Thường trực HĐND tỉnh Lâm Đồng tổng hợp kiến nghị của cử tri về các vấn đề dân sinh bức xúc gửi đến kỳ họp sắp tới.
149,Dư luận bức xúc trước vụ việc một người cha tại Đắk Lắk xích chân hai con gái, cơ quan chức năng đang vào cuộc điều tra.
150,TP.HCM và Đồng Nai thống nhất triển khai dự án cầu Cát Lái theo phương thức đối tác công tư (PPP).
151,Trong năm 2025, có 40 lãnh đạo và cấp phó bị xử lý kỷ luật do thiếu trách nhiệm để xảy ra hành vi tham nhũng tại đơn vị.
152,Số nạn nhân tử vong trong vụ tai nạn xe khách trên cao tốc Đà Nẵng - Quảng Ngãi đã tăng lên 4 người.
153,Quân và dân Quân khu 7 tổ chức lễ kỷ niệm 80 năm ngày truyền thống lực lượng vũ trang tại tỉnh Tây Ninh.
154,Tuần lễ khoa học công nghệ và đổi mới sáng tạo TP Cần Thơ 2025 sẽ diễn ra với nhiều hoạt động chuyển đổi số đặc sắc.
155,Tỉnh Ninh Bình đang nghiên cứu 5 vị trí tiềm năng để xây dựng Cảng hàng không quốc tế nhằm thúc đẩy du lịch.
156,Lãnh đạo tỉnh Vĩnh Long khẳng định những kết quả kinh tế xã hội đạt được trong năm 2025 là nhờ sự đồng lòng của nhân dân.
157,Tranh cãi trên mạng xã hội về việc thợ trang điểm nhắn tin trách móc khách hàng vì sử dụng sai mục đích gói dịch vụ.
158,Tòa án các cấp đã giải quyết hơn 618.000 vụ việc trong năm qua, đạt tỷ lệ hơn 90% và cao hơn so với năm trước.
159,Dự báo khu vực Nam Trung Bộ và Đông Nam Bộ đón đợt mưa lớn trên diện rộng từ đêm nay đến sáng mai.
160,Bộ Công an triển khai các biện pháp nghiệp vụ mạnh mẽ để trấn áp tội phạm có tổ chức và xử lý các điểm nóng an ninh.
161,Bạn đọc phản ánh về khó khăn khi sở hữu xe điện nhưng các khu chung cư hiện nay vẫn thiếu trạm sạc an toàn.
162,Kỳ họp HĐND TP.HCM sắp tới sẽ thảo luận và quyết định nhiều vấn đề quan trọng về nhân sự và phát triển kinh tế.
163,TP.HCM dự kiến phê duyệt điều chỉnh đầu tư dự án cải tạo đường Tôn Thất Thuyết và xây dựng công viên ven kênh Tẻ.
164,Một người đàn ông đang đạp xe tập thể dục trên cầu Bình Lợi bất ngờ ngã xuống đường và tử vong tại chỗ.
165,Chỉ số chất lượng không khí tại Hà Nội liên tục duy trì ở mức rất xấu, gây ảnh hưởng đến sức khỏe người dân.
166,Đại diện dự án ""Nuôi em"" thực hiện công khai minh bạch các khoản thu chi để cộng đồng yên tâm đóng góp thiện nguyện.
167,Tỉnh Đắk Lắk kiến nghị hỗ trợ khẩn cấp để sửa chữa đập Tam Giang và các công trình thủy lợi bị lũ cuốn trôi.
168,Cảnh sát giao thông An Sương xử lý trường hợp hai thanh niên đi xe máy ""bốc đầu"" nguy hiểm qua đoạn clip trên mạng.
169,Bắc Bộ và khu vực miền Trung đón mưa rào và dông, có nơi mưa rất to kèm nguy cơ lũ quét, sạt lở đất.
170,Phó Thủ tướng Trần Hồng Hà chủ trì họp giải quyết các vướng mắc về quy hoạch cho các dự án nhà ở xã hội.
171,Lực lượng chức năng TP.HCM phát hiện 16 loài chim rừng không rõ nguồn gốc tại một cửa hàng trên đường Lê Hồng Phong.
172,Nhiều người lao động tại Hà Nội phải làm việc liên tục ngoài trời trong điều kiện ô nhiễm bụi mịn nghiêm trọng.
173,Người dân bức xúc trước tình trạng tài xế xe buýt phóng nhanh vượt ẩu, bất chấp đèn đỏ tại các ngã tư đông đúc.
174,Viện Kiểm sát nhân dân tối cao truy tố bị can Lê Trung Khoa về tội phát tán tài liệu chống phá Nhà nước.
175,Hệ thống chữa cháy tự động tại hầm sông Sài Gòn đang được vận hành thử nghiệm, giao thông được điều chỉnh để đảm bảo an toàn.
176,Cảnh sát giao thông Quận 1 (TP.HCM) xử phạt hai thiếu niên có hành vi đi xe đạp bằng một bánh gây mất an toàn.
177,Công bố danh sách 83 cửa khẩu quốc tế tại Việt Nam cho phép người nước ngoài nhập cảnh bằng thị thực điện tử (e-visa).
178,Cơ quan chức năng cảnh báo tình trạng tin giả về thiên tai bị thổi phồng trên mạng xã hội gây hoang mang dư luận.
179,TP.HCM yêu cầu khẩn trương điều tra nguyên nhân vụ cháy nghiêm trọng trên đường Trần Hưng Đạo làm 4 người tử vong.
180,Đà Nẵng dự kiến chi thu nhập tăng thêm cho hơn 54.000 cán bộ, công chức nhằm nâng cao đời sống và hiệu quả làm việc.
181,Một vụ sập dầm bê tông khi đang sửa chữa nhà tại Đà Lạt khiến một công nhân bị đè trúng, thương vong nghiêm trọng.
182,TP.HCM tổ chức bắn pháo hoa tại 3 địa điểm để chào đón năm mới 2026, phục vụ nhu cầu vui chơi của người dân.
183,Ngành tổ chức xây dựng Đảng tham mưu vận hành bộ máy theo mô hình mới, giúp nâng cao hiệu lực và hiệu quả quản lý.
184,Lãnh đạo Cần Thơ yêu cầu ưu tiên nguồn lực đầu tư cho y tế, giáo dục và khoa học công nghệ trong giai đoạn mới.
185,Hà Nội hoàn tất chi trả bồi thường giải phóng mặt bằng cho các hộ dân thuộc dự án quảng trường phía Đông hồ Hoàn Kiếm.
186,Chính phủ trình Quốc hội kế hoạch triển khai tuyến đường sắt đô thị số 1 có lồng ghép các yếu tố ứng phó biến đổi khí hậu.
187,Đà Nẵng hỗ trợ kinh phí cho những người làm việc ngoài biên chế tại các hội đoàn thể thực hiện nghỉ việc tự nguyện.
188,Người dân phát hiện thi thể một người đàn ông nổi trên kênh tại TP.HCM, cơ quan chức năng đang xác định danh tính.
189,Một bé gái 4 tuổi tại Quảng Nam bị chó tấn công gây thương tích nặng ở mặt khi đang chơi tại quảng trường.
190,Hai du khách người Nga tử vong sau vụ tai nạn giao thông nghiêm trọng trên quốc lộ 28B đoạn qua tỉnh Bình Thuận.
191,Tỉnh Khánh Hòa yêu cầu kiểm tra quy trình vận hành các hồ chứa nước sau đợt ngập lụt lịch sử vừa qua.
192,MTTQ Việt Nam TP.HCM tổ chức hội nghị hiệp thương để chuẩn bị cho công tác nhân sự và các hoạt động trọng tâm.
193,Công ty Vinspeed được chấp thuận làm nhà đầu tư thực hiện dự án đường sắt kết nối Bến Thành với Cần Giờ.
194,Quân khu 9 tổ chức kỷ niệm 80 năm thành lập và đón nhận Huân chương Độc lập hạng Ba vì những đóng góp cho Tổ quốc.
195,Đề xuất chuyển đổi chợ truyền thống thành trung tâm thương mại gây ra nhiều lo ngại về việc mất đi bản sắc văn hóa du lịch.
196,Thủ tướng dự lễ khánh thành cầu hữu nghị và khai trương cửa khẩu quốc tế Tân Nam kết nối Tây Ninh với Campuchia.
197,Dự án mở rộng cao tốc TP.HCM - Trung Lương - Mỹ Thuận được triển khai thần tốc, hoàn thành ký kết trong thời gian ngắn.
198,Thủy điện Trị An bắt đầu xả nước qua đập tràn để điều tiết hồ chứa và đảm bảo an toàn cho khu vực hạ du.
199,Khảo sát cho thấy người tiêu dùng Việt Nam ngày càng quan tâm hơn đến các vấn đề an toàn thực phẩm và sức khỏe bền vững.
200,Đại biểu Quốc hội nhấn mạnh nhu cầu về một khung pháp lý đặc thù để TP.HCM tự do sáng tạo và phát triển đột phá.
201,Cà Mau là địa phương có diện tích trồng rừng ven biển lớn nhất cả nước trong nỗ lực bảo vệ và phát triển hệ sinh thái ven biển của 21 tỉnh thành.
202,Bộ Tài chính đề xuất giao UBND TP Hà Nội thẩm quyền quyết định các biện pháp cải tạo và tái thiết đô thị để chỉnh trang bộ mặt thành phố.
203,Bộ Xây dựng công bố tình huống khẩn cấp nhằm tập trung nguồn lực khắc phục các hư hỏng kết cấu hạ tầng đường sắt do thiên tai gây ra.
204,Sở Xây dựng Lâm Đồng tạm cấm lưu thông qua đèo Prenn để xử lý các cây xanh có nguy cơ gãy đổ sau sự cố sạt lở.
205,Chính phủ đề xuất các quy định bổ sung nhằm tháo gỡ vướng mắc cho các dự án nhà đất có sai phạm được nêu trong các kết luận thanh tra trước đây.
206,Bãi rác Đa Phước tại TP.HCM điều chỉnh khung giờ tiếp nhận rác từ 18 giờ tối đến 6 giờ sáng thay vì hoạt động cả ngày như trước.
207,UBND thành phố Cần Thơ thực hiện kiện toàn bộ máy nhân sự thông qua việc bổ nhiệm nhiều vị trí lãnh đạo tại các sở ngành chủ chốt.
208,Thi thể cháu bé 6 tuổi mất tích tại Hà Tĩnh đã được tìm thấy tại khu vực cảng cá Cửa Sót sau hơn một ngày nỗ lực tìm kiếm.
209,Dự thảo Luật Thuế sửa đổi tập trung điều chỉnh các chính sách thuế giá trị gia tăng đối với mặt hàng nông sản và thức ăn chăn nuôi.
210,Vụ tai nạn nghiêm trọng trên cao tốc Bùng - Vạn Ninh giữa xe tải và xe đầu kéo gặp sự cố khiến 2 người tử vong và 3 người bị thương.
211,Chính phủ trình Quốc hội phương án điều chỉnh chủ trương đầu tư dự án Cảng hàng không quốc tế Long Thành để phù hợp với tình hình mới.
212,Lực lượng quân đội nỗ lực làm việc xuyên đêm để giúp người dân vùng lũ Khánh Hòa và Đắk Lắk sửa chữa những ngôi nhà bị hư hỏng nặng.
213,Mưa lớn gây lũ quét tại huyện Tánh Linh (Lâm Đồng) khiến hàng ngàn nhà vườn ngập sâu, gây thiệt hại tài sản ước tính hàng trăm tỷ đồng.
214,Ban Thường vụ Thành ủy TP.HCM công bố quyết định bổ nhiệm nhân sự mới nắm giữ chức vụ Chánh Thanh tra thành phố.
215,Chủ tịch UBND TP.HCM nhấn mạnh việc hiện thực hóa Nghị quyết 98 là cơ hội vàng để thành phố bứt phá trên quỹ đạo phát triển mới.
216,Tập đoàn Kinh Bắc rót 425 tỷ đồng vào dự án Trump International tại Hưng Yên là thông tin kinh tế nổi bật ngày 9-12.
217,Áp thấp nhiệt đới dự báo sẽ vượt qua Philippines vào Biển Đông và suy yếu dần, gây ảnh hưởng đến thời tiết vùng biển phía Đông.
218,Lãnh đạo tỉnh Lâm Đồng trực tiếp xuống địa bàn thăm hỏi và chỉ đạo công tác khắc phục hậu quả thiên tai tại các khu vực bị ngập lụt.
219,TP.HCM ban hành kế hoạch dài hạn đến năm 2045 nhằm nâng cao chất lượng giáo dục mầm non tại các khu công nghiệp và đô thị.
220,Câu chuyện nghẹn lòng về tinh thần trách nhiệm của tổ công tác cứu nạn cứu hộ Công an TP.HCM khi hỗ trợ người dân Đắk Lắk trong lũ dữ.
221,Tỉnh Đồng Nai kiến nghị áp dụng cơ chế đặc thù tương tự Nghị quyết 98 để kéo dài tuyến Metro từ TP.HCM về sân bay Long Thành.
222,Trận lũ lịch sử tại khu vực làng chài ven biển gây thiệt hại lớn về người và tài sản, nhiều người vẫn còn mất tích sau 5 ngày.
223,Bạn đọc tranh luận sôi nổi về các quy định nộp tiền sử dụng đất khi thực hiện chuyển đổi mục đích sử dụng sang đất ở.
224,UBND TP.HCM yêu cầu siết chặt kiểm tra phòng cháy chữa cháy tại các cơ sở kinh doanh có nguy cơ cháy nổ cao trên địa bàn.
225,Đèo Gia Bắc chính thức thông xe tạm thời sau 15 ngày bị chia cắt hoàn toàn do sạt lở đất nghiêm trọng.
226,Cà Mau khởi công xây dựng trường tiểu học quy mô lớn tại thị trấn Sông Đốc nhằm cải thiện điều kiện học tập cho học sinh vùng biển.
227,Phú Quốc tổ chức đám cưới xa hoa cho cặp đôi tỷ phú Ấn Độ, góp phần định vị đảo ngọc thành điểm đến du lịch sự kiện quốc tế.
228,Bộ Công an phối hợp với TP.HCM khởi công dự án nhà ở dành riêng cho lực lượng vũ trang tại quận Thủ Đức.
229,Các ban quản lý chung cư gặp khó khăn khi triển khai trạm sạc xe điện do thiếu quy định cụ thể về an toàn điện trong Luật Nhà ở.
230,Nguồn thu từ đất đai đóng góp lớn cho ngân sách nhưng vẫn còn nhiều rào cản trong việc hài hòa lợi ích giữa người dân và doanh nghiệp.
231,Hàng ngàn căn nhà và vườn thanh long tại Bình Thuận bị ngập sâu trong đợt lũ lịch sử, ảnh hưởng nghiêm trọng đến sản xuất của người dân.
232,Không khí lạnh tăng cường khiến miền Bắc rét đậm, rét hại diện rộng, người dân được khuyến cáo bảo vệ sức khỏe và cây trồng.
233,Nguyên Giám đốc một nhà máy gạch tại Lâm Đồng bị đề nghị khai trừ Đảng do vi phạm nghiêm trọng trong quản lý khoáng sản.
234,Sau một năm thực hiện Nghị quyết 98, TP.HCM đạt được những bước tiến dài trong việc trở thành trung tâm công nghệ cao của khu vực.
235,Dự thảo Luật Giáo dục đại học đề xuất chuẩn hóa hệ thống chức danh giảng viên, quy định rõ lộ trình từ phó giáo sư lên giáo sư.
236,Người dân Đắk Lắk phải sống trong lán trại tạm bợ sau khi nhà cửa bị cuốn trôi do thủy điện thượng nguồn xả lũ bất ngờ.
237,Hệ thống 168 phường xã tại TP.HCM đang được đầu tư bài bản để trở thành những điểm đến du lịch đặc trưng của thành phố.
238,Thủ tướng chủ trì cuộc họp với các địa phương để tháo gỡ vướng mắc, chuẩn bị khởi công hàng loạt dự án hạ tầng giao thông lớn.
239,Dự thảo nghị định mới về tổ chức bộ máy chính quyền địa phương đề xuất nhiều thay đổi quan trọng đối với các cơ quan chuyên môn.
240,Những chuyến xe 0 đồng mang theo nhu yếu phẩm và tình cảm của người dân cả nước hướng về vùng lũ lụt tại miền Trung.
241,Các cơ sở lưu trú và nhà ở kết hợp sản xuất được yêu cầu trang bị hệ thống phòng cháy hiện đại để giảm thiểu rủi ro hỏa hoạn.
242,Nhiều tuyến quốc lộ và đường đèo tại Lâm Đồng sạt lở nghiêm trọng gây khó khăn cho việc lưu thông và vận chuyển hàng hóa.
243,Công an địa phương phối hợp cùng bệnh viện tổ chức thăm hỏi và tặng quà động viên các bệnh nhi có hoàn cảnh khó khăn.
244,Một sà lan chở cát từ Campuchia bị chết máy và lật úp tại vùng biển Vũng Tàu, lực lượng chức năng đang khẩn trương khắc phục.
245,Bộ Y tế yêu cầu làm rõ các sai phạm liên quan đến hoạt động của thẩm mỹ viện Mailisa sau khi bị đình chỉ lưu hành sản phẩm.
246,Giám đốc một công ty bất động sản tại Phú Quốc bị bắt giam do liên quan đến các vi phạm về quản lý đất đai và dự án.
247,Thủ tướng yêu cầu các bộ ngành khẩn trương duyệt mẫu nhà chống lũ để hỗ trợ người dân xây lại nhà trước Tết Nguyên đán.
248,Phó Thủ tướng đôn đốc tỉnh Lâm Đồng đẩy nhanh tiến độ xây dựng nhà ở cho bà con vùng lũ, đảm bảo không ai bị bỏ lại phía sau.
249,Đề xuất giao thẩm quyền điều động nhân lực ngành giáo dục cho cấp xã nhằm tăng cường tính linh hoạt trong quản lý tại địa phương.
250,Khánh Hòa ban hành lệnh khẩn cấp để sửa chữa 8 tuyến giao thông huyết mạch bị hư hại nặng nề sau các đợt bão lũ.
251,Chiến dịch Quang Trung được phát động nhằm huy động nguồn lực xây dựng lại nhà ở cho các hộ dân bị thiệt hại tại Thừa Thiên Huế.
252,Việt Nam vượt chỉ tiêu đề án trồng 1 tỷ cây xanh khi đạt hơn 1,4 tỷ cây trong giai đoạn 2021-2025.
253,Kim ngạch xuất nhập khẩu của Việt Nam tăng trưởng ấn tượng hơn 17% trong 11 tháng đầu năm 2025, đạt mốc 840 tỷ USD.
254,Câu chuyện ấm lòng về sự tử tế giữa chủ quán ăn tại Quảng Trị và đoàn cứu trợ miền Bắc thu hút sự quan tâm của cộng đồng.
255,Chính phủ hỗ trợ hơn 2.600 tỷ đồng cho các địa phương để nâng cấp hạ tầng và trang thiết bị cho các cơ quan hành chính cấp xã.
256,Phiên chợ Nghĩa tình quân dân tại Tây Ninh mang hàng ngàn phần quà thiết yếu đến với các gia đình chính sách và người nghèo.
257,Bệnh viện tiếp nhận và điều trị cho các nạn nhân bị bỏng nặng và đa chấn thương sau một vụ cháy nổ nghiêm trọng.
258,TP.HCM chính thức thông qua chủ trương đầu tư dự án đường sắt kết nối Bến Thành với Cần Giờ bằng nguồn vốn xã hội hóa.
259,Bất chấp biến động của kinh tế toàn cầu, các chỉ số kinh tế trong nước vẫn duy trì được sự ổn định tương đối trong 11 tháng qua.
260,Hai vụ tai nạn giao thông liên hoàn xảy ra trên cao tốc đoạn qua tỉnh Khánh Hòa gây ùn tắc cục bộ kéo dài.
261,Chỉ số ô nhiễm không khí tại Hà Nội đạt mức báo động, người dân được khuyến cáo hạn chế hoạt động ngoài trời.
262,Các chuyên gia giới thiệu các giải pháp an ninh và thoát nạn được thiết kế riêng cho loại hình nhà ống đặc thù tại Việt Nam.
263,TP.HCM chính thức cấm các loại xe tải trọng lớn lưu thông qua cầu Tân Thuận 1 để đảm bảo an toàn kết cấu cầu.
264,Lâm Đồng xin gia hạn thời gian hoàn thiện phương án quy hoạch Trung tâm hành chính mới để đảm bảo tính khả thi và bền vững.
265,Một vụ tai nạn xe giường nằm tại Đồng Tháp tông trúng người dân ngồi bên lề đường khiến 2 người tử vong tại chỗ.
266,Đà Nẵng vinh dự nhận giải thưởng Thành phố thông minh 2025 nhờ những đột phá trong ứng dụng công nghệ vào quản lý đô thị.
267,Lãnh đạo tỉnh Lâm Đồng yêu cầu các đơn vị quản lý hồ chứa rút kinh nghiệm trong việc điều tiết xả lũ để tránh gây ngập hạ du.
268,Xác định rõ các yếu tố cấu thành giá bất động sản là chìa khóa để nhận diện và ngăn chặn tình trạng thổi giá nhà đất.
269,Bổ sung hệ thống phản quang và cọc tiêu nhựa tại các giao lộ nguy hiểm ở quận 7 nhằm giảm thiểu tai nạn giao thông về đêm.
270,Thủ tướng Phạm Minh Chính chủ trì phiên họp Chính phủ tháng 11 nhằm đánh giá tình hình kinh tế xã hội và các nhiệm vụ trọng tâm.
271,Ngành điện tri ân những đóng góp to lớn của các thế hệ lãnh đạo đi trước trong việc xây dựng hệ thống năng lượng quốc gia.
272,Ban Quản lý dự án thực hiện phân luồng giao thông trên cao tốc TP.HCM - Long Thành để thi công các hạng mục mở rộng.
273,Dự thảo Luật Thuế mới dự kiến sẽ có những quy định cụ thể về thuế đối với giao dịch vàng miếng để tránh gây khó cho người dân.
274,Một vụ cháy trong hẻm nhỏ tại Thủ Đức khiến một người tử vong, lực lượng tại chỗ đã nỗ lực cứu được nhiều người khác.
275,Chuyên gia khí tượng nhận định các hiện tượng thời tiết cực đoan như bão và áp thấp có xu hướng diễn biến dị thường và khó dự báo.
276,Amazon cam kết hỗ trợ doanh nghiệp Việt Nam đẩy mạnh xuất khẩu thông qua sàn thương mại điện tử xuyên biên giới.
277,TP.HCM phê duyệt phương án chỉnh trang không gian đô thị quanh khu vực chợ Bến Thành sau khi hoàn trả mặt bằng thi công Metro.
278,Lãnh đạo Đảng nhấn mạnh việc giữ gìn tác phong và trang phục công sở văn minh, phù hợp với thuần phong mỹ tục của cán bộ.
279,Cảng Sài Gòn sau nhiều thập kỷ hoạt động vẫn đóng vai trò quan trọng trong việc lưu thông hàng hóa và phát triển kinh tế vùng.
280,Dự báo thời tiết Hà Nội và các tỉnh phía Bắc có sương mù nhẹ vào sáng sớm, trời rét sâu tại các vùng núi cao.
281,Phát triển đô thị bền vững là giải pháp cốt lõi để giúp cộng đồng thích ứng và phục hồi nhanh chóng trước thiên tai.
282,Trung Quốc gia tăng hiện diện của lực lượng tàu cảnh sát biển tại khu vực Đông Á trong bối cảnh căng thẳng địa chính trị với Mỹ.
